"Registro ANS";"CNPJ";"Razão Social";"Nome Fantasia";"Modalidade";"Logradouro";"Número";"Complemento";"Bairro";"Cidade";"UF";"CEP";"DDD";"Telefone";"Fax";"Endereço eletrônico";"Representante";"Cargo Representante";"Data Registro ANS"
"418374";"11828089000103";" CAIXA DE ASSISTÊNCIA DO SETOR DE ENERGIA -EVIDA -ASSISTÊNCIA À SAÚDE";"E-VIDA";"Autogestão";"SETOR DE HABITAÇÕES COLETIVAS GEMINADAS ";"QUADRA 704/705";"BLOCO C, LOJA 48";"ASA NORTE";"Brasília";"DF";"70730630";"61";"39668300";"39668302";"governanca@evida.org.br";"ELI PINTO DE MELO JUNIOR";"PRESIDENTE";"12/01/2012"
"417734";"07525246000126";"ABBESS - ASSOCIAÇÃO BRASILEIRA DE BENEFICIOS E SEGURIDADE SOCIAL";"";"Administradora de Benefícios";"AV RIO BRANCO";"120";"PAVIMENTO 4 - SALA 426";"CENTRO";"Rio de Janeiro";"RJ";"20040001";"21";"22425532";"32244459";"abbess@ig.com.br";"MARCELO BRANDÃO ROCHA";"PRESIDENTE";"20/12/2010"
"314668";"17505793000101";"ABERTTA SAÚDE - ASSOCIAÇÃO BENEFICENTE DOS EMPREGADOS DA ARCELORMITTAL NO BRASIL";"ABERTTA SAÚDE";"Autogestão";"AV. BERNARDO MONTEIRO";"831";"Subsolo,salas 201 e 211 a 224 e 3º andar";"SANTA EFIGÊNIA";"Belo Horizonte";"MG";"30150281";"31";"32484300";"32484377";"abertta.ans@arcelormittal.com.br";"JOSÉ ANTÔNIO GIMENEZ";"PRESIDENTE";"28/12/1998"
"419621";"17687511000126";"ABPLUS ADMINISTRADORA DE BENEFÍCIOS LTDA.";"";"Administradora de Benefícios";"AVENIDA JOSÉ DA SILVA NETO";"200";"BLOCO 4, SALA 403";"BARRA DA TIJUCA";"Rio de Janeiro";"RJ";"22775056";"21";"35290061";"";"contato@abplus.com.br";"ROBERTO CARLOS MACHADO RODRIGUES";"ADMINISTRADOR";"13/11/2014"
"418901";"10458298000131";"AD SALUTE ADMINISTRADORA DE BENEFÍCIOS EIRELI";"AD SALUTE";"Administradora de Benefícios";"RUA BUENOS AIRES";"68";"SALA 2901";"CENTRO";"Rio de Janeiro";"RJ";"20070020";"21";"35531692";"";"LEONARDO@UNIMEDICASAUDE.COM";"JOÃO CARMO DA SILVEIRA";"ADMINISTRADOR";"13/06/2013"
"420671";"26134881000127";"ADDERE ADMINISTRADORA DE BENEFÍCIOS EIRELI";"ADDERE ADMINISTRADORA DE BENEFÍCIOS";"Administradora de Benefícios";"AV. DAS ARAUCÁRIAS";"LOTE 1835";"1905, 1955 E 2005, 4º PISO, SL 444/445";"SUL (ÁGUAS CLARAS) ";"Brasília";"DF";"71936250";"61";"982537447";"";"contato@addereadm.com";"JULIANA DOS SANTOS GONTIJO";"Sócia Administradora";"13/12/2016"
"417556";"09035280000148";"ADM ADMINISTRADORA DE BENEFÍCIOS EIRELI.";"";"Administradora de Benefícios";"RUA DOUTOR RUBENS GOMES BUENO";"691";"17° ANDAR - PARTE";"VARZEA DE BAIXO";"São Paulo";"SP";"04730903";"11";"47005033";"34911102";"br.juridico@aon.com.br";"LEONARDO CARNEIRO MARTINS COELHO";"DIRETOR ADJUNTO COMERCIAL";"21/09/2010"
"421553";"28315826000169";"ADM LIFE - ADMINISTRADORA DE BENEFÍCIOS LTDA.";"ADM LIFE";"Administradora de Benefícios";"AVENIDA PEDROSO DE MORAIS";"272";"CJ 96";"PINHEIROS";"São Paulo";"SP";"05420000";"11";"34769350";"";"cristiane@admlife.com.br";"NELITO JÚNIOR DE ALMEIDA SILVA";"Sócio Administrador";"09/01/2019"
"416932";"07867825000157";"ADMSERV BENEFÍCIOS E SERVIÇOS LTDA";"GÉIA ADMINISTRADORA DE BENEFICIOS";"Administradora de Benefícios";"RUA TRAIPU";"125";"";"PACAEMBU";"São Paulo";"SP";"01235000";"11";"26917601";"38281888";"fabio.oliveira@geia.com.br";"PEDRO OLIVEIRA OBLIZINER";"SÓCIO ADMINISTRADOR";"30/03/2009"
"422347";"37201454000130";"ADRESS ADMINISTRADORA DE BENEFICIOS LTDA";"ADRESS";"Administradora de Benefícios";"AVENIDA RIO BRANCO";"125";"15º ANDAR  SALA 1501";"CENTRO";"Rio de Janeiro";"RJ";"20040006";"21";"22524066";"";"contato@adress.com.br";"LAIR ISABEL BOHRER DIEDAM";"SÓCIA ADMINISTRADORA";"03/09/2020"
"335657";"02041808000142";"ADVANCE PLANOS DE SAÚDE LTDA";"";"Medicina de Grupo";"RUA DR. SODRÉ";"119";"";"VILA NOVA CONCEIÇÃO";"São Paulo";"SP";"04535110";"01";"130409321";"130401283";"planosdesaude@advanceplanos.com.br";"JOSÉ JAIR JAMES DE ARRUDA PINTO";"ADMINISTRADOR";"28/12/1998"
"413283";"03694367000140";"AESP ODONTO ASSISTÊNCIA ODONTOLÓGICA S/S LTDA EPP";"";"Odontologia de Grupo";"ALAMEDA GRAJAÚ";"60";"SALA 2814";"ALPHAVILLE INDUSTRIAL";"Barueri";"SP";"06454050";"01";"168135656";"168135656";"aespodonto@aespodonto.com.br";"CARLOS EUGENIO PORTO BRAGA";"ADMINISTRADOR";"07/03/2001"
"419907";"22891640000171";"AFFIANCE LIFE ADMINISTRADORA DE BENEFÍCIOS EM SAÚDE LTDA";"AFFIANCE LIFE BENEFÍCIOS";"Administradora de Benefícios";"RUA GUAJAJARAS";"40";"SALA 404";"CENTRO";"Belo Horizonte";"MG";"30180910";"31";"25335500";"";"atendimento@affiancelife.com.br";"CIRLEIDE REGINA DA SILVA MORAES";"SOCIO ADMINISTRADOR";"23/09/2015"
"417424";"11158465000191";"AFFIX ADMINISTRADORA DE BENEFÍCIOS LTDA";"AFFIX BENEFÍCIOS";"Administradora de Benefícios";"RUA DR. BRÁULIO GOMES";"36";"18° ANDAR- SALA  ADMINISTRADORA";"REPÚBLICA";"São Paulo";"SP";"01047020";"11";"39952217";"";"pedro.rezende@affixbeneficios.com.br";"PEDRO AUGUSTO BARQUETE DE REZENDE";"SóCIO ADMINISTRADOR";"16/07/2010"
"368920";"20320487000105";"AGROS - INSTITUTO UFV DE SEGURIDADE SOCIAL";"";"Autogestão";"AVENIDA PURDUE";"S/N";"";"CAMPUS DA UFV";"Viçosa";"MG";"36570900";"31";"38996550";"38996550";"dge@agros.org.br";"CLAUDIO FURTADO SOARES";"DIRETOR GERAL";"18/12/1998"
"417742";"10387254000168";"ALACORÔ CASF ASSOCIAÇÃO CLUBE DE BENEFICIOS PESSOAIS E EMPRESARIAIS";"";"Administradora de Benefícios";"AVENIDA RIO BRANCO";"131";"10ª ANDAR - PARTE";"CENTRO";"Rio de Janeiro";"RJ";"21040006";"21";"25054500";"";"RODRIGO.PEIXOTO@ALACORO.COM.BR";"ANADIA BIENHACHEWSKI FERREIRA ALVES";"DIRETORA PRESIDENTE";"20/12/2010"
"418684";"36402816000199";"ALBUQUERQUE ADMINISTRAÇÃO DE BENEFICIOS S/C LTDA.";"";"Administradora de Benefícios";"RUA NICANOR SANTOS";"61";"FUNDOS";"CENTRO";"Jerônimo Monteiro";"ES";"29550000";"21";"35531692";"";"LEONARDO@CHEVITARESE.COM.BR";"JONAS VICENTE DE ALBUQUERQUE";"ADMINISTRADOR";"10/12/2012"
"416975";"06258813000162";"ALCANCE SAÚDE EIRELI";"ALCANCE SAÚDE";"Medicina de Grupo";"RUA TORRES HOMEM";"169";"";"CENTRO";"Araçatuba";"SP";"16010360";"18";"21034508";"";"drevaldo@terra.com.br";"GISLENE TOQUETÃO DE ARAÚJO SANCHEZ";"REPRESENTANTE";"03/07/2009"
"421928";"34266553000102";"ALICE OPERADORA LTDA.";"ALICE";"Medicina de Grupo";"Rua Lisboa";"224";"";"Cerqueira César";"São Paulo";"SP";"05413000";"11";"41186896";"";"regulatorio@alice.com.br";"MATHEUS HERMSDORFF MORAES";"Diretor";"01/11/2019"
"417289";"07674593000110";"ALL CARE ADMINISTRADORA DE BENEFÍCIOS SÃO PAULO LTDA";"";"Administradora de Benefícios";"ALAMEDA SANTOS";"1357";"2º e 7º ANDAR";"JARDIM PAULISTA";"São Paulo";"SP";"01419908";"11";"32556444";"";"ans@allcare.com.br";"FARIAS PEREIRA DE SOUZA";"DIRETOR PRESIDENTE";"14/05/2010"
"417459";"11165556000154";"ALLCARE ADMINISTRADORA DE BENEFÍCIOS EM SAÚDE LTDA.";"ALLCARE ADMINISTRADORA DE BENEFÍCIOS EM SAÚDE";"Administradora de Benefícios";"SCS QD. 03 BLOCO A";"LOTE";"107/111";"ASA SUL";"Brasília";"DF";"70303907";"61";"30443600";"30443615";"ans@allcare.com.br";"FARIAS PEREIRA DE SOUSA ";"DIRETOR PRESIDENTE";"16/07/2010"
"422177";"35933395000160";"ALLDEN ASSISTÊNCIA MÉDICA E ODONTOLÓGICA LTDA";"ALLDEN SAÚDE";"Odontologia de Grupo";" RUA 09 NORTE LOTE 05 E RUA DAS PITANGUE";"LOTE 6";"LOJAS 11/12 PARTE 55  EDIFÍCIO EASY ";"AGUAS CLARAS";"Brasília";"DF";"71908540";"61";"37729707";"";"geander.santos@alldensaude.com.br";"NOEME MARIA ACIOLI OSTERNE COELHO";"REPRESENTANTE LEGAL";"12/03/2020"
"000515";"04439627000102";"ALLIANZ SAÚDE S/A";"";"Seguradora Especializada em Saúde";"RUA EUGÊNIO DE MEDEIROS";"303";"7º ANDAR - PARTE";"PINHEIROS";"São Paulo";"SP";"05425000";"11";"40015060";"";"compliance@allianz.com.br";"MATTHIAS KÜHN";"DIRETOR";"06/08/2001"
"417807";"12584316000157";"ALPER ADMINISTRADORA DE BENEFICIOS LTDA";"ALPER ADMINISTRADORA DE BENEFICIOS LTDA";"Administradora de Benefícios";"RUA GILBERTO SABINO";"215";"13º ANDAR";"PINHEIROS";"São Paulo";"SP";"05425020";"11";"31752900";"";"controladoria@brinsurance.com.br";"LUCAS MORENO NEVES";"DIRETOR FINANCEIRO";"24/01/2011"
"419982";"20459346000160";"ALPHA DENTAL PLANO DE SAUDE LTDA ME";"DENTALMED";"Odontologia de Grupo";"AVENIDA DAS SIBIPIRUNAS";"2656";"1º ANDAR, SALA 03";"SETOR COMERCIAL SUL";"Sinop";"MT";"78550029";"66";"35310070";"";"";"IVAN DALL' STELLA COSTA JÚNIOR";"SóCIO GERENTE";"09/12/2015"
"422754";"40246859000108";"ALPHA SERVIÇOS DE SAÚDE LTDA";"ALPHA SAÚDE";"Medicina de Grupo";"Avenida Brigadeiro Faria Lima";"2391";"Conj 11";"Jardim Paulistano";"São Paulo";"SP";"01452905";"11";"30322449";"";"adm@alphassaude.com.br";"RAIMUNDO DA SILVA REZENDE";"Representante junto à ANS";"19/05/2021"
"420255";"22103116000199";"ALTER ADMINISTRADORA DE BENEFICIOS LTDA - EPP";"";"Administradora de Benefícios";"RUA CAPITÃO ADELMIO NORBERTO DA SILVA";"395";"SALA 01";"ALTO DA BOA VISTA";"Ribeirão Preto";"SP";"14025670";"16";"39779072";"";"ALTERADM@UOL.COM.BR";"CARLOS JOSÉ FOIZER";"ADMINISTRADOR";"25/10/2016"
"344800";"62511019000150";"ALVORECER - ASSOCIAÇÃO DE SOCORROS MÚTUOS";"ALVORECER";"Medicina de Grupo";"RUA EZEQUIEL FREIRE";"192";"13º ANDAR, SALA 1308";"SANTANA";"São Paulo";"SP";"02034000";"11";"30169402";"69593199";"rogerio.proft@bluemedsaude.com.br";"SILVIO JOSÉ FERRAZ TAVARES";"PRESIDENTE";"15/01/1999"
"421871";"03013779000178";"AMA - ASSOCIAÇÃO METROPOLITANA ASSISTENCIAL";"AMA - ASSOCIAÇÃO METROPOLITANA ASSISTENCIAL";"Medicina de Grupo";"RUA ANTONIO BERO";"146";"";"Recanto Verde";"Campina Grande do Sul";"PR";"83430000";"41";"36792528";"";"ama@hospitalcaron.org.br";"PEDRO HENRIQUE LAMBACH CARON";"Presidente";"29/07/2021"
"419052";"16926969000128";"AMAZÔNIA PLANOS DE SAÚDE LTDA";"PLANO AMAZÔNIA SAÚDE";"Medicina de Grupo";"TRAVESSA NOVE DE JANEIRO";"1295";"";"SÃO BRAZ";"Belém";"PA";"66060575";"91";"31847688";"32495686";"AMASAUDE@HOTMAIL.COM";"EDSON YUZUR YASOJIMA";"REPRESENTANTE LEGAL";"03/10/2013"
"304531";"17143876000190";"AME-ASSISTÊNCIA MÉDICA A EMPRESAS LTDA";"AME-SISTEMA DE SAÚDE 24 HORAS";"Medicina de Grupo";"RUA SAMPAIO";"376";"";"CENTRO";"Juiz de Fora";"MG";"36010360";"32";"21015600";"32155201";"amesaude24h@terra.com.br";"ALOYSIO JOÃO FELLET";"SÓCIO-ADMINISTRADOR";"22/12/1998"
"413330";"04257073000114";"AMEP FREGUESIA OPERADORA DE PLANO DE SAUDE LTDA";"AMEP FREGUESIA OPERADORA DE PLANOS DE SAUDE LTDA";"Medicina de Grupo";"RUA ARAGUAIA";"13";"";"JACAREPAGUA";"Rio de Janeiro";"RJ";"22745270";"21";"22216390";"25091083";"amep.operadora@uol.com.br";"ANA MARLI VIDEIRA PEIXOTO FAZZINI";"SOCIA GERENTE";"16/03/2001"
"394734";"67839969000121";"AMEPLAN ASSISTÊNCIA MÉDICA PLANEJADA LTDA";"AMEPLAN ASSITENCIA MÉDICA PLANEJADA  LTDA.";"Medicina de Grupo";"RUA UBATU MIRIM";"45";"3º ANDAR";"VILA GEA";"São Paulo";"SP";"04692010";"11";"33219700";"";"diretoria.financeira@ameplansaude.com.br";"ALI HUSSEIN  IBRAHIN TAHA";"SÓCIO DIRETOR";"24/12/1998"
"321338";"84638345000165";"AMERON - ASSISTÊNCIA MÉDICA RONDÔNIA S/A.";"AMERON";"Medicina de Grupo";"AVENIDA CALAMA";"2615";"PRÉDIO";"LIBERDADE";"Porto Velho";"RO";"76803884";"69";"32117199";"32217157";"ouvidoria@ameron.com.br";"PAULO ROBERTO DA SILVA";"PRESIDENTE";"22/12/1998"
"401081";"68668045000172";"AMESC - ASSOCIAÇÃO MÉDICA ESPÍRITA CRISTÃ";"GRUPO CEMERU SAÚDE";"Medicina de Grupo";"RUA FELIPE CARDOSO";"1025";"";"SANTA CRUZ";"Rio de Janeiro";"RJ";"23510006";"21";"33654040";"33654040";"relacionamento.ans@cemeru.com";"RICARDO VIEIRA";"REPRESENTANTE";"24/02/1999"
"418587";"15131148000132";"AMHA SAUDE S/A";"AMHA SAUDE S/A";"Medicina de Grupo";"RUA PEDRO CUNHA";"88";"";"VILA SANTISTA";"Atibaia";"SP";"12941020";"11";"44146023";"";"antonio.oliveira@amha.com.br";"SHUHATIRO WADA";"DIRETOR GERAL E CORPORATIVO";"08/10/2012"
"421731";"29174910000172";"AMHE MED ASSISTENCIA A SAUDE LTDA - EPP";"AMHE MED";"Medicina de Grupo";"RUA PEDRO JOSÉ SENGER";"230";"";"VILA HARO";"Sorocaba";"SP";"18015000";"15";"30351030";"";"juridico@amhemed.com.br";"MARCIO ALVES";"Representante Perante ANS";"13/06/2019"
"326305";"29309127000179";"AMIL ASSISTÊNCIA MÉDICA INTERNACIONAL S.A.";"AMIL";"Medicina de Grupo";"Rua Arquiteto Olavo Redig de Campos";"105";"6° ao 21° and, Torre B, Emp. EZ Towers";"VILA FRANCISCO";"São Paulo";"SP";"04711904";"21";"38054491";"38051088";"representanteans@amil.com.br";"CAROLINA DE MOLLA LORENZATTO";"REPRESENTANTE LEGAL";"17/12/1998"
"420662";"26143483000177";"AMORIM ADMINISTRADORA DE BENEFÍCIOS";"A4 ADMINISTRADORA DE BENEFÍCIOS";"Administradora de Benefícios";"RUA DO ROSÁRIO";"0001";"SALA 401";"CENTRO";"Rio de Janeiro";"RJ";"20041003";"21";"988825467";"";"bethlopes@icloud.com";"ELIZABETH DE BRITO LOPES";"Diretora Presidente";"13/12/2016"
"413755";"04388452000143";"AMP SAUDE LTDA";"";"Medicina de Grupo";"RUA DR. URBANO FIGUEIRA";"32";"";"CENTRO";"Taubaté";"SP";"12020140";"12";"21239205";"";"administrativo@ampsaude.com.br";"JOSE DOMINGOS ABREU DE ANDRADE";"DIRETOR";"28/05/2001"
"325465";"20946877000187";"AMPARA ASSISTÊNCIA MÉDICA PARAÍSO LTDA";"AMPARA ";"Medicina de Grupo";"PÇ COMENDADOR JOÃO PIO FIGUEIREDO WESTIN";"107";"";"MOCOQUINHA";"São Sebastião do Paraíso";"MG";"37950000";"35";"35393636";"35393600";"ampara@ampara.com.br";"GILBERTO GONÇALVES";"DIRETOR PRESIDENTE";"21/12/1998"
"422720";"41077489000187";"AMPLA PLANOS DE SAUDE  LTDA";"AMPLA  ";"Medicina de Grupo";"RUA SETE DE SETEMBRO ";"55";"SALA 1106";"CENTRO";"Rio de Janeiro";"RJ";"20050004";"21";"39235406";"";"CURADO.JOAO@GMAIL.COM";"SIDNEY STORCH DUTRA JUNIOR";"SOCIO - ADMINISTRADOR";"06/04/2021"
"400882";"02811372000123";"ÁPICE ODONTO ASSISTÊNCIA ODONTOLÓGICA LTDA";"ÁPICE-ODONTO ASSISTÊNCIA ODONTOLÓGICA LTDA.";"Odontologia de Grupo";"R. ELPIDIO GOMES";"1262";"";"CENTRO";"Sertãozinho";"SP";"14160620";"16";"39459143";"39459143";"apiceodonto@apiceodonto.com.br";"VANDERLEI DE SOUZA JUNIOR";"SÓCIO DIRETOR";"19/02/1999"
"422932";"35808498000106";"APLUS ADMINISTRADORA DE BENEFICIOS LTDA";"";"Administradora de Benefícios";"AVENIDA PRESIDENTE VARGAS";"534";"SALA 1501";"CENTRO";"Rio de Janeiro";"RJ";"20071000";"21";"979954222";"";"leonardo@unimedicasaude.com";"GABRIEL SILVA RODRIGUES";"SOCIO ADMINISTRADOR/REPRE";"29/07/2021"
"418030";"13138885000131";"A.P.S. ADMINISTRADORA DE BENEFÍCOS LTDA.";"A.P.S. SAÚDE.";"Administradora de Benefícios";"RUA VOLUNTÁRIOS DA PÁTRIA";"2525";"CONJUNTO 143 - SALA 01";"SANTANA";"São Paulo";"SP";"02401000";"11";"45223468";"";"diretoria@apssaude.com.br";"PERCÍVEL GAETA";"SóCIO-ADMINISTRADOR E REPRESEN";"05/05/2011"
"406708";"00539806000152";"A.P.S ASSISTÊNCIA PERSONALIZADA À SAÚDE LTDA";"APS";"Medicina de Grupo";"RUA VINTE E TRÊS DE MAIO";"790";"MEZANINO";"VIANELO";"Jundiaí";"SP";"13207070";"01";"145831234";"145831234";"controladoria@gruposobam.com.br";"CAROLINA DE MOLLA LORENZATTO";"REPRESENTANTE";"29/07/1999"
"421693";"30902499000193";"AQQUER - ADMINISTRADORA DE BENEFÍCIOS LTDA";"AQQUER ADMINISTRADORA";"Administradora de Benefícios";"Rua Barão de Melgaço";"2754";"Sala 406";"Centro";"Cuiabá";"MT";"78020800";"65";"36244416";"";"aqquer@aqquer.com.br";"GABRIEL DUTRA";"REPRESENTANTE LEGAL";"24/05/2019"
"416070";"17469701000177";"ARCELORMITTAL BRASIL S/A";"ARCELORMITTAL BRASIL S/A";"Autogestão";"AV. CARANDAI";"1115";"";"FUNCIONARIOS";"Belo Horizonte";"MG";"30130915";"27";"33481463";"33481489";"beneficios@arcelormittal.com.br";"NAILSON ROVETA";"GERENTE DE ÁREA DE BENEFICIOS";"21/05/2007"
"422941";"41715325000138";"ARL ADMINISTRADORA DE BENEFÍCIOS LTDA.";"ARL ADMINISTRADORA DE BENEFÍCIOS";"Administradora de Benefícios";"Rua Visconde de Taunay";"601.0";"";"Bom Retiro";"São Paulo";"SP";"01132000";"11";"32252193";"";"paralegalarl@gmail.com";"ALVARO ANTÔNIO REGIS LEMOS";"Presidente";"11/08/2021"
"352152";"00743507000135";"ARM ODONTOLOGIA LTDA.";"ARM ODONTOLOGIA";"Odontologia de Grupo";"RUA MACHADO BITTENCOURT";"361";"CONJUNTOS 1110 / 1111 e 1112 ";"VILA CLEMENTINO";"São Paulo";"SP";"04044001";"11";"35155400";"35155400";"alexandre@armodonto.com.br";"ALEXANDRE DE SOUZA MARTINELLI";"DIRETOR";"21/12/1998"
"417769";"12080518000161";"ASSISTE ADMINISTRADORA DE BENEFÍCIOS LTDA";"ASSISTE ";"Administradora de Benefícios";"RUA JOÃO HIPÓLITO DE AZEVEDO";"18";"SALA 3 - TÉRREO";"CENTRO";"Conceição do Jacuípe";"BA";"44245000";"75";"32432937";"";"bruno@assisteadministradora.com.br";"BRUNO EDELWEISS";"SÓCIO-ADMINISTRADOR";"20/12/2010"
"325236";"66854779000110";"ASSISTÊNCIA MÉDICA SÃO MIGUEL LTDA";"SÃO MIGUEL SAÚDE";"Medicina de Grupo";"RUA ÁLVARO CORREA BORGES";"43";"ED. GILBERTO MAIDA MELLACE";"VILA DR. EIRAS";"São Paulo";"SP";"08010200";"";"";"";"saomiguelsaude@uol.com.br";"CARLOS ALBERTO FERNANDES MELLACI";"DIRETOR";"21/12/1998"
"365297";"01872588000136";"ASSISTÊNCIA ODONTOLÓGICA ESPECIALIZADA LTDA";"RISO PLANO ODONTOLOGICO";"Odontologia de Grupo";"AVENIDA UNIVERSIDADE";"28";"QUADRA 03";"COHAFUMA";"São Luís";"MA";"65070650";"98";"32365159";"32355308";"odmaster@portalma.com.br";"MARCIA CHRISTINA VÉRAS BARBOSA";"DIRETORA TÉCNICA";"22/12/1998"
"406554";"83367342000171";"ASSOCIAÇÃO ADVENTISTA NORTE BRASILEIRA DE PREVENÇÃO E ASSISTÊNCIA A SAÚDE";"GARANTIA DE SAÚDE - HOSPITAIS ADVENTISTA DE BELÉM E MANAUS";"Filantropia";"RODOVIA MARIO COVAS";"400";"";"COQUEIRO";"Ananindeua";"PA";"67110000";"91";"32144500";"32451585";"clairton@hab.org.br";"JACKSON DOUGLAS DA SILVA FREIRE";"GERENTE";"21/07/1999"
"411752";"03849449000117";"ASSOCIAÇÃO ASSISTENCIAL DE SAÚDE SUPLEMENTAR CRUZ AZUL SAÚDE";"CRUZ AZUL SAÚDE";"Medicina de Grupo";"RUA ALBUQUERQUE MARANHÃO";"72";"";"CAMBUCI";"São Paulo";"SP";"01540020";"11";"33885000";"33885010";"diretoria@cruzazulsaude.com.br";"JOAO CLAUDIO VALERIO";"REPRESENTANTE JUNTO À ANS";"21/07/2000"
"340146";"61740791000180";"ASSOCIAÇÃO AUXILIADORA DAS CLASSES LABORIOSAS";"CLASSES LABORIOSAS";"Medicina de Grupo";"RUA RÊGO FREITAS";"574";"";"CENTRO";"São Paulo";"SP";"01220010";"11";"32933934";"32933852";"juridico@classeslaboriosas.org.br";"GERALDO FERNANDES";"PRESIDENTE DA DIRETORIA EXECUTIVA";"18/12/1998"
"322326";"25335803000128";"ASSOCIAÇÃO BENEFICENTE CATÓLICA";"HOSPITAL SANTA ISABEL";"Filantropia";"RUA FREI CORNELIO";"200";"";"LAURINDO DE CASTRO";"Ubá";"MG";"36500000";"32";"35391034";"35391050";"planosaude@santaisabelsaude.com.br";"FABIANO DOS SANTOS";"PRESIDENTE";"29/12/1998"
"304131";"02030246000131";"ASSOCIAÇÃO BENEFICENTE DE ASSISTÊNCIA A SAÚDE DOS JUÍZES DO TRABALHO DA 15ª REGIÃO (ABAS 15)";"SAÚDE ABAS";"Autogestão";"RUA BARÃO DE JAGUARA";"707";"10º ANDAR / SALAS 101/104 - BLOCO MOZART";"CENTRO";"Campinas";"SP";"13015926";"19";"37335060";"";"falecom@abas15.org.br";"EINSTEIN ROMERO DURÃES";"REPRESENTANTE LEGAL";"22/12/1998"
"382540";"31240963000196";"ASSOCIAÇÃO BENEFICENTE DOS PROFESSORES PÚBLICOS ATIVOS E INATIVOS DO RIO DE JANEIRO - APPAI";"APPAI";"Medicina de Grupo";"RUA SENADOR DANTAS";"117";"SLJ 211,212,213";"CENTRO";"Rio de Janeiro";"RJ";"20034900";"21";"31473242";"25320563";"appai@appai.org.br";"JULIO CESAR DA COSTA";"DIRETOR PRESIDENTE";"19/01/1999"
"415049";"60878576000188";"ASSOCIAÇÃO BENEFICENTE FNV";"ASSOCIAÇÃO BENEFICENTE FNV";"Autogestão";"RUA MAJOR HERMÓGENES";"28";"";"CENTRO";"Cruzeiro";"SP";"12701320";"12";"31440047";"31440072";"jsoares@abfnv.com.br";"PAULO MÁRCIO ALMADA DOS SANTOS";"PRESIDENTE DO CONSELHO GERAL";"30/11/2004"
"413941";"04067810000116";"ASSOCIAÇÃO BRASILEIRA DE ASSISTÊNCIA ODONTOLOGICA DE GRUPO - DENTAL MED CENTER";"DENTAL MED CENTER";"Odontologia de Grupo";"AVENIDA RIO BRANCO";"440";"";"CENTRO";"Natal";"RN";"59025000";"84";"32122256";"31335798";"dentalmedcenter@hotmail.com";"LUCIANO OLIVEIRA DOS SANTOS";"DIRETOR PRESIDENTE";"19/06/2001"
"409634";"73565319000138";"ASSOCIACAO CIVIL PRÓ-SAÚDE DOS SERVIDORES DA UNIVERSIDADE ESTADUAL DE PONTA GROSSA";"PRO-SAUDE";"Medicina de Grupo";"RUA SENADOR PINHEIRO MACHADO";"446";"";"CENTRO";"Ponta Grossa";"PR";"84040310";"42";"32203301";"32203391";"pro-saude.uepg@uol.com.br";"CARLOS LUCIANO SANT'ANA VARGAS";"REPRESENTANTE";"05/11/1999"
"417947";"10935483000170";"ASSOCIAÇÃO DA SANTA CASA SAÚDE DE RIBEIRÃO PRETO";"SANTA CASA SAÚDE DE RIBEIRÃO PRETO";"Medicina de Grupo";"AVENIDA DA SAUDADE";"356";"";"CAMPOS ELISEOS";"Ribeirão Preto";"SP";"14085000";"";"";"";"regulacao@santacasasauderp.com.br";"AMAURI ELIAS CALIL";"PRESIDENTE DO CONSELHO DE ADMINISTRAÇÃO";"31/03/2011"
"416690";"07781345000179";"ASSOCIAÇÃO DE ASSISTÊNCIA À SAÚDE DA AMAGIS";"AMAGIS SAÚDE";"Autogestão";"RUA ALBITA";"194";"6º ANDAR";"BAIRRO CRUZEIRO";"Belo Horizonte";"MG";"30310160";"31";"30793479";"30793484";"saude@amagis.com.br";"ROSIMERE DAS GRAÇAS DO COUTO";"VICE PRESIDENTE E MEMBRO NATO";"30/06/2008"
"416568";"08202035000115";"ASSOCIAÇÃO DE ASSISTÊNCIA À SAÚDE DOS EMPREGADOS DA COPASA";"COPASS SAÚDE";"Autogestão";"RUA CARANGOLA";"531";"";"SANTO ANTôNIO";"Belo Horizonte";"MG";"30330240";"31";"32985820";"32985801";"copass@copass-saude.com.br";"OMAR DE CARVALHO GOMES FILHO";"REPRESENTANTE E SUPER EXECUTIV";"18/02/2008"
"417955";"07945024000162";"ASSOCIAÇÃO DE ASSISTÊNCIA MÉDICO HOSPITALAR DOS MAGISTRADOS DO ESTADO DO PARANÁ";"JUDICEMED";"Autogestão";"RUA ALBERTO FOLLONI";"543";"";"AHÚ";"Curitiba";"PR";"80540000";"41";"30171600";"30171601";"JUDICEMED@JUDICEMED.COM.BR";"GERALDO DUTRA DE ANDRADE NETO";"REPRESENTANTE LEGAL";"31/03/2011"
"314218";"60975174000100";"ASSOCIAÇÃO DE BENEFICÊNCIA E FILANTROPIA SÃO CRISTOVÃO";"";"Filantropia";"RUA AMÉRICO VENTURA";"123";"";"ALTO DA MOOCA";"São Paulo";"SP";"03128010";"11";"20297202";"20297602";"saocristovao@saocristovao.com.br";"VALDIR PEREIRA VENTURA";"PRESIDENTE CONS. DELIBERATIVO";"21/12/1998"
"422321";"35657268000185";"ASSOCIAÇÃO DE SAÚDE DO VALE";"LEVMED SAÚDE";"Medicina de Grupo";"RUA EPITÁCIO PESSOA";"651";"";"CENTRO";"Jaraguá do Sul";"SC";"89251100";"47";"35124100";"";"contato@levmed.com.br";"CARLOS CESAR FELIPONI";"DIRETOR EXECUTIVO";"14/07/2020"
"418731";"15022430000181";"ASSOCIAÇÃO DE SAÚDE DOS FORNECEDORES DE CANA DE PIRACICABA E REGIÃO";"HFC SAÚDE";"Medicina de Grupo";"RUA RAFAEL ALOISI";"41";"";"VILA REZENDE";"Piracicaba";"SP";"13405205";"19";"34032872";"34032872";"ADMINISTRACAO@HFCP.COM.BR";"JOSÉ CORAL";"DIRETOR SUPERINTENDENTE";"11/01/2013"
"357910";"01711582000187";"ASSOCIAÇÃO DE SAUDE DOS POLICIAIS E BOMBEIROS MILITARES DO ESPIRITO SANTO";"ASPBMES";"Autogestão";"AVENIDA CARLOS MOREIRA LIMA";"648";"";"BENTO FERREIRA";"Vitória";"ES";"29050672";"27";"30412803";"30412818";"aspmes@aspmes.com.br";"ROGÉRIO FERNANDES LIMA";"PRESIDENTE DA DIRETORIA EXECUTIVA";"29/12/1998"
"360783";"59007799000190";"ASSOCIACAO DE SAUDE HOLAMBRA";"ASSOCIAÇÃO DE SAÚDE HOLAMBRA";"Medicina de Grupo";"ALAMEDA MAURÍCIO DE NASSAU";"241";"CX  POSTAL: 130";"CENTRO";"Holambra";"SP";"13825000";"19";"38022049";"38022049";"ash@holnet.com.br";"GILBERTO GUILHERME JOSÉ WIGMAN";"PRESIDENTE";"03/02/1999"
"417530";"11939445000158";"ASSOCIAÇÃO DE SAÚDE PORTUGUESA DE BENEFICÊNCIA";"SAÚDE BENEFICÊNCIA";"Medicina de Grupo";"RUA TIRADENTES";"293";"CJ 51 A 54 - LOTE 5A";"VILA ITAPURA";"Campinas";"SP";"13023190";"19";"35001500";"";"diretoria@saudebeneficencia.com.br";"ARLY DE LARA ROMÊO";"REPRESENTANTE";"02/09/2010"
"393533";"12317012000123";"ASSOCIAÇÃO DO FISCO DE ALAGOAS";"";"Autogestão";"RUA ARTUR VITAL DA SILVA";"58";"";"GRUTA DE LOURDES";"Maceió";"AL";"57052260";"82";"33383494";"33381846";"presidencia@asfal.com.br";"GUSTAVO DE ALBUQUERQUE CALHEIROS";"DIRETOR PRESIDENTE";"28/12/1998"
"420000";"15713057000105";"ASSOCIAÇÃO DO PLANO DE SAÚDE DA SANTA CASA DE MISERICÓRDIA DE ITABUNA - PLANSUL";"PLANSUL";"Medicina de Grupo";"RUA SANTA CRUZ";"s/n";"HOSPITAL MANOEL NOVAIS";"BAIRRO DE FÁTIMA";"Itabuna";"BA";"45603305";"73";"32143800";"32143801";"PLANSUL@PLANSULSCMI.COM.BR";"CELSO ROBERTO DOS SANTOS";"GESTOR";"15/12/2015"
"418021";"13001218000102";"ASSOCIAÇÃO DO PLANO DE SAÚDE DA SANTA CASA DE SANTOS";"PLANO SANTA CASA SAÚDE";"Medicina de Grupo";"RUA DR. ANTÔNIO BENTO";"162";"TÉRREO";"VILA MATHIAS";"Santos";"SP";"11075260";"13";"32110602";"";"supervisao@planoscs.com.br";"AUGUSTO CAPODICASA";"SUPERINTENDENTE";"20/04/2011"
"317632";"62635990000191";"ASSOCIAÇÃO DOS AGENTES FISCAIS DE RENDAS DO ESTADO DE SÃO PAULO- AFRESP";"ASSOCIAÇÃO DOS AGENTES FISCAIS DE RENDAS DO EST. DE SP";"Autogestão";"AV. BRIGADEIRO LUIZ ANTONIO";"4843";"";"JARDIM PAULISTA";"São Paulo";"SP";"01401002";"01";"138868800";"138868886";"ans@afresp.org.br";"JANAÍNA CORAL ZACARCHENCO";"2ª TESOUREIRA";"16/12/1998"
"387185";"34011288000111";"ASSOCIAÇÃO DOS AUDITORES FISCAIS DA RECEITA ESTADUAL DO RIO DE JANEIRO";"AFRERJ";"Autogestão";"RUA SETE DE SETEMBRO";"55";"25 º ANDAR";"CENTRO";"Rio de Janeiro";"RJ";"20050004";"21";"35345555";"22525756";"amafrerj@afrerj.org.br";"ALOISIO DA CUNHA TAVARES";"PRESIDENTE";"16/12/1998"
"330281";"09306242000182";"ASSOCIAÇÃO DOS AUDITORES FISCAIS DO ESTADO DA PARAÍBA - AFRAFEP";"AFRAFEP - SAUDE";"Autogestão";"RUA CONSELHEIRO HENRIQUES";"45";"";"CENTRO";"João Pessoa";"PB";"58010690";"83";"30485640";"";"admin@afrafepsaude.com.br";"ELAINE CARVALHO CESAR FELIX";"PRESIDENTE";"22/12/1998"
"384704";"13170410000122";"ASSOCIAÇÃO DOS EMPREGADOS DA COMPANHIA ESTADUAL DE HABITAÇÃO E OBRAS PÚBLICAS - ASSEC";"ASSEC";"Autogestão";"AV. ADÉLIA FRANCO";"3035";"";"DIA";"Aracaju";"SE";"49048010";"";"";"";"assec_cehop@bol.com.br";"ROBÉRIO GOIS DOS SANTOS";"PRESIDENTE";"30/12/1998"
"382639";"92911056000116";"ASSOCIAÇÃO DOS FISCAIS DE TRIBUTOS ESTADUAIS DO RS - AFISVEC";"AFISVEC - SAÚDE";"Autogestão";"RUA URUGUAI";"155";"CONJ.1010";"CENTRO";"Porto Alegre";"RS";"90010140";"51";"32244922";"32244922";"saude@afisvec.org.br";"MARCELO RAMOS DE MELLO";"PRESIDENTE";"28/12/1998"
"306754";"00299149000113";"ASSOCIAÇÃO DOS FUNCIONÁRIOS DO FISCO DO ESTADO DE GOIÁS";"AFFEGO-SAÚDE";"Autogestão";"RUA 83";"218";"QUADRA F-15, LOTE 26";"SETOR SUL";"Goiânia";"GO";"74083020";"06";"230967600";"232185991";"walima@affego.com.br";"HUGO MARIA D´ASSUNÇÃO";"REPRESENTANTE";"23/12/1998"
"388092";"04503249000170";"ASSOCIAÇÃO DOS FUNCIONÁRIOS FISCAIS DO ESTADO DO AMAZONAS - AFFEAM";"AFFEAM SAÚDE";"Autogestão";"RUA FRANCO DE SÁ";"812";"1º ANDAR";"SÃO FRANCISCO";"Manaus";"AM";"69079210";"92";"36634380";"36113013";"affeamsaude@affeam.com.br";"LIBERMAN BICHARA MORENO";"PRESIDENTE";"31/12/1998"
"417599";"92741016000173";"ASSOCIAÇAO DOS FUNCIONARIOS PUBLICOS DO ESTADO DO RIO GRANDE DO SUL";"AFPERGS";"Medicina de Grupo";"RUA DOS ANDRADAS";"846";"";"CENTRO";"Porto Alegre";"RS";"90020006";"51";"32841500";"";"najara.bandeira@afpergs.com.br";"EGYDIO FUCHS";"DIRETOR PRESIDENTE";"28/09/2010"
"343129";"13100755000100";"ASSOCIACAO DOS PROFESSORES UNIVERSITÁRIOS DA BAHIA";"APUB SAÚDE";"Autogestão";"RUA CESAR ZAMA";"136";"";"BARRA";"Salvador";"BA";"40140030";"71";"21039200";"32473381";"apubsaude@apubsaude.com.br";"LUIZ ALBERTO BASTOS PETITINGA";"PRESIDENTE DO CONSELHO DELIBERATIVO ";"28/12/1998"
"420093";"13083167000105";"ASSOCIACAO DOS SERVIDORES DA EMDAGRO - ASSEM";"ASSEM";"Autogestão";"AV DOUTOR CARLOS RODRIGUES DA CRUZ";"401";"";"CAPUCHO";"Aracaju";"SE";"49081015";"79";"32593150";"32593150";"assem@assemse.com.br";"JOSÉ LUIZ ROCHA";"PRESIDENTE";"14/04/2016"
"335754";"14799035000147";"ASSOCIAÇÃO DOS SERVIDORES FISCAIS DO ESTADO DA BAHIA";"ASFEB";"Autogestão";"RUA DR. JOSÉ PEROBA";"149";"EDF ELDORADO 1º ANDAR SL: 101/102";"STIEP";"Salvador";"BA";"41770235";"71";"22012205";"33417182";"coordennacaomedica@asfeb.org.br";"CLEUDES CERQUEIRA DE FREITAS";"PRESIDENTE";"23/12/1998"
"309028";"29167970000168";"ASSOCIAÇÃO DOS SERVIDORES MUNICIPAIS, ESTADUAIS E FEDERAIS DO RIO DE JANEIRO";"ASSIST";"Medicina de Grupo";"RUA SENADOR DANTAS";"117";"SALA 316";"CENTRO";"Rio de Janeiro";"RJ";"20031911";"02";"122106325";"122106325";"assist@assist.org.br";"GERALDO DA COSTA LEITE";"DIRETOR PRESIDENTE";"19/01/1999"
"419591";"20160828000114";"ASSOCIAÇÃO DOS SERVIDORES PÚBLICOS DA ADMINISTRAÇÃO DIRETA DO GOVERNO DO ESTADO DO PARÁ - ASPARÁ";"ASPARÁ";"Autogestão";"AVENIDA SENADOR LEMOS";"904";"";"UMARIZAL";"Belém";"PA";"66050000";"91";"32251521";"";"ASPARA@ASPARA.COM.BR";"GERALDO HENRIQUE DE OLIVEIRA NOGUEIRA";"PRESIDENTE";"21/10/2014"
"342556";"87547444000120";"ASSOCIAÇÃO DR. BARTHOLOMEU TACCHINI";"PLANO DE SAÚDE TACCHIMED";"Filantropia";"RUA JOSÉ MÁRIO MONACO";"358";"";"CENTRO";"Bento Gonçalves";"RS";"95700068";"54";"34554333";"34554333";"tacchimed@tacchini.com.br";"HILTON ROESE MANCIO";"SUPERINTENDENTE";"22/12/1998"
"326755";"78613841000161";"ASSOCIAÇÃO EVANGELICA BENEFICENTE DE LONDRINA";"ASSOCIAÇÃO EVANGELICA BENEFICENTE DE LONDRINA";"Filantropia";"AV. BANDEIRANTES";"618";"";"JD. LONDRILAR";"Londrina";"PR";"86015900";"43";"33781000";"33241315";"planohospitalar@planohospitalar.org.br";"LINCOLN VIEIRA MAGALHÃES";"REPRESENTANTE LEGAL";"22/12/1998"
"422053";"33922160000147";"ASSOCIAÇÃO FCA SAÚDE";"STELLANTIS SAUDE PE/PB";"Autogestão";"AV CONTORNO";"3455";"GALPAO 6 ANDAR 2 PARTE B";"DISTR IND PAULO CAMILO SUL";"Betim";"MG";"32669900";"31";"34023812";"";"pepb.fcasaude@fcagroup.com";"CRISTIANE DE OLIVEIRA ROQUE PAIXÃO";"Diretora";"03/12/2019"
"416584";"08883265000197";"ASSOCIAÇÃO FUNDO DE PROTEÇÃO À SAÚDE";"FUPS";"Autogestão";"RUA FIORAVANTE JOÃO FERRI";"99";"";"JARDIM ALVORADA";"Campo Mourão";"PR";"87308445";"";"";"";"fups@fups.com.br";"GILDO ALVES PEREIRA";"REPRESENTANTE";"07/03/2008"
"402206";"02220135000198";"ASSOCIAÇÃO GOIANA DO MINISTÉRIO PÚBLICO";"AGMP";"Autogestão";"RUA T-29 C/ T-9";"1758";"";"SETOR BUENO";"Goiânia";"GO";"74215050";"62";"32856660";"32511798";"informatica@agmp.org.br";"VALÉRIA CRISTINA DE PAULA MAGALHÃES";"DIRETORA GERAL";"17/03/1999"
"421618";"30724638000136";"ASSOCIAÇÃO HOSPITAL SAÚDE DE VARGEM GRANDE DO SUL";"HOSPITAL SAÚDE";"Medicina de Grupo";"Praça Nossa Senhora Aparecida";"61";"Sala 01";"Nossa Senhora Aparecida";"Vargem Grande do Sul";"SP";"13880000";"19";"36419300";"";"associacaohsvgsul@gmail.com";"JAIR SPOSITO GABRICHO";"PRESIDENTE";"08/04/2019"
"419150";"15323270000100";"ASSOCIAÇÃO MAIS SAÚDE SANTA CASA DE SÃO JOÃO DA BOA VISTA";"MAIS SAÚDE SANTA CASA";"Medicina de Grupo";"RUA CONSELHEIRO ANTONIO PRADO";"301";"";"CENTRO";"São João da Boa Vista";"SP";"13870250";"19";"36344440";"";"DIRETORIA@MAISSAUDESANTACASA.COM.BR";"MARCOS CÉSAR CASTILHO";"PRESIDENTE";"22/10/2013"
"418854";"15787592000100";"ASSOCIAÇÃO METROPOLITANA DE ASSISTÊNCIA À SAÚDE";"";"Medicina de Grupo";"RUA PEDRO JOSÉ SENGER";"577";"";"VILA HARO";"Sorocaba";"SP";"18015000";"15";"34118375";"34118375";"ADMINISTRACAO@STASAUDE.COM.BR";"JOSÉ ROBELIO BELOTE";"DIRETOR EXECUTIVO";"02/05/2013"
"417211";"11177786000133";"ASSOCIAÇÃO MINEIRA DE ASSISTÊNCIA À SAÚDE DOS MEMBROS DO MINISTÉRIO PÚBLICO";"AMMP SAÚDE";"Autogestão";"RUA TIMBIRAS";"2928";"3º ANDAR";"BARRO PRETO";"Belo Horizonte";"MG";"30140062";"31";"21054878";"25326391";"saude@ammpsaude.org.br";"FABRÍCIO MARQUES FERRAGINI";"DIRETOR DE SAÚDE";"09/04/2010"
"420158";"23869306000184";"ASSOCIAÇÃO PADRE ALBINO SAÚDE";"PADRE ALBINO SAUDE";"Medicina de Grupo";"RUA BELEM";"423";"";"CENTRO";"Catanduva";"SP";"15800280";"17";"33113716";"";"ADMINISTRACAO@PADREALBINOSAUDE.COM.BR";"ROSA VICENTE HERNANDEZ";"DIRETORA EXECUTIVA";"06/07/2016"
"420816";"25141173000150";"ASSOCIAÇÃO PADRE PIO PLANOS DE SAÚDE";"PADRE PIO PLANOS DE SAÚDE";"Medicina de Grupo";"Rua José Antunes Azevedo Filho";"70";"";"Jardim Nova Itália";"Limeira";"SP";"13484401";"19";"34467711";"";"plano.pe.pio@humanitaria.com.br";"CESAR LUIS DERMONDE";"Diretor Presidente";"09/06/2017"
"418617";"12049486000131";"ASSOCIAÇÃO PARANAENSE DE ASSISTÊNCIA À SAUDE DOS MEMBROS DO MINISTERIO PUBLICO DO PARANÁ";"PROMED";"Autogestão";"RUA MATEUS LEME";"2018";"2º ANDAR";"CENTRO CÍVICO";"Curitiba";"PR";"80530010";"41";"33522855";"33522855";"superintendencia@promedpr.org.br";"ANDRE TIAGO PASTERNAK GLITZ";"PRESIDENTE";"08/10/2012"
"422631";"39427632000171";"ASSOCIAÇÃO PETROBRAS DE SAÚDE - APS";"";"Autogestão";"Avenida República do Chile";"65";"Sala 302";"Centro";"Rio de Janeiro";"RJ";"20031170";"21";"36292187";"";"cgomes@petrobras.com.br";"CARLOS ALBERTO SIQUEIRA GOMES";"Diretor de Administração ";"28/01/2021"
"419974";"19512026000147";"ASSOCIAÇÃO PLAME DE SAÚDE";"PLAMESC- PLANO MÉDICO SANTA CASA";"Medicina de Grupo";"RUA PINTO RIBEIRO";"205";"";"CENTRO";"Barra Mansa";"RJ";"27310420";"24";"33233775";"";"plamesc@plamesc.com.br";"JAIR FUSCO";"DIRETOR ADMINISTRATIVO";"18/11/2015"
"419958";"20961779000119";"ASSOCIAÇÃO PLANO DE SAÚDE SANTA CASA DE VALINHOS";"PLANO DE SAÚDE SANTA CASA DE VALINHOS";"Medicina de Grupo";"AV. JOAQUIM ALVES CORREA";"4371";"";"PARQUE NOVA SUIÇA";"Valinhos";"SP";"13271430";"";"";"";"tais@planosantacasadevalinhos.com.br";"CELSO BELTRAMINI";"PRESIDENTE";"09/11/2015"
"409413";"00444803000135";"ASSOCIAÇÃO POLICIAL DE ASSISTÊNCIA A SAÚDE";"APAS FERNANDOPOLIS";"Autogestão";"AV. LÍBERO DE ALMEIDA SILVARES";"3014";"";"COESTER";"Fernandópolis";"SP";"15603087";"17";"34628371";"";"gerencia@apasfernandopolis.com";"IVAN CESAR BELENTANI";"PRESIDENTE";"27/10/1999"
"406813";"59766105000107";"ASSOCIAÇÃO POLICIAL DE ASSISTÊNCIA À SAÚDE";"APAS ANDRADINA";"Autogestão";"RUA SÃO PAULO";"757";"";"CENTRO";"Andradina";"SP";"16901009";"18";"37224315";"37224315";"apas@apasandradina.com.br";"ANDRE LUIZ CALDEIRA";"DIRETOR PRESIDENTE";"06/08/1999"
"410128";"71559272000174";"ASSOCIAÇÃO POLICIAL DE ASSISTÊNCIA À SAÚDE";"APAS SAÚDE SOROCABA";"Autogestão";"RUA CONDE D'EU";"292";"";"VILA BOA VISTA";"Sorocaba";"SP";"18030040";"15";"33317092";"";"contato@apas-sorocaba.com.br";"SILVÉRIO LEME FILHO";"PRESIDENTE";"30/11/1999"
"406937";"57272510000135";"ASSOCIAÇÃO POLICIAL DE ASSISTÊNCIA À SAÚDE";"APAS/MARILIA";"Autogestão";"RUA RIO GRANDE DO SUL";"121";"CASA";"CENTRO";"Marília";"SP";"17509130";"14";"34020870";"34331313";"apasmari@terra.com.br";"EDVALDO COEV";"PRESIDENTE";"04/08/1999"
"409405";"00642842000147";"ASSOCIAÇÃO POLICIAL DE ASSISTÊNCIA À SAÚDE - VALE DO RIBEIRA";"APAS VALE  DO RIBEIRA";"Autogestão";"RUA SHITIRO MAEJI";"619";"";"CENTRO";"Registro";"SP";"11900000";"13";"38211083";"38211083";"apasrgt@terra.com.br";"EVERALDO FIGUEIREDO CALEGARI";"PRESIDENTE";"26/10/1999"
"410110";"00034259000153";"ASSOCIAÇÃO POLICIAL DE ASSISTÊNCIA A SAÚDE DA BAIXADA SANTISTA";"APAS BAIXADA SANTISTA";"Autogestão";"RUA CARVALHO DE MENDONÇA";"335";"";"VILA BELMIRO";"Santos";"SP";"11070101";"13";"32265000";"32265000";"apas@apassantos.com.br";"RENATO PAULO NICOLACI FINCATTI";"DIRETOR PRESIDENTE";"03/11/1999"
"414212";"59762062000183";"ASSOCIAÇÃO POLICIAL DE ASSISTÊNCIA À SAÚDE DE ARAÇATUBA (APAS)";"ASSOCIAÇÃO POLICIAL DE ASSISTÊNCIA À SAÚDE DE ARAÇATUBA";"Autogestão";"RUA RIO DE JANEIRO";"120";"CASA";"VILA MENDONÇA";"Araçatuba";"SP";"16015150";"18";"36235389";"";"apas.administrativo@apasaracatuba.com.br";"OSNY HENRIQUE CALDEIRA";"DIRETOR-PRESIDENTE";"28/08/2001"
"407569";"72916364000127";"ASSOCIAÇÃO POLICIAL DE ASSISTÊNCIA À SAÚDE DE BARRETOS";"APAS- BARRETOS";"Autogestão";"AVENIDA 23";"1337";"";"CENTRO";"Barretos";"SP";"14780320";"17";"33229844";"33225133";"apasbarretos@terra.com.br";"ANTONIO ALVES";"DIRETOR PRESIDENTE";"20/08/1999"
"406945";"00147571000153";"ASSOCIAÇÃO POLICIAL DE ASSISTÊNCIA À SAÚDE DE BAURU";"APAS BAURU";"Autogestão";"RUA MARIA JOSÉ";"1-71";"QUADRA 1";"CENTRO";"Bauru";"SP";"17015440";"14";"32145500";"32145501";"apas@apasbauru.com.br";"BENEDITO ROBERTO MEIRA";"DIRETOR PRESIDENTE";"04/08/1999"
"408093";"66493339000185";"ASSOCIAÇÃO POLICIAL DE ASSISTENCIA A SAUDE DE BOTUCATU";"APAS-BOTUCATU";"Autogestão";"RUA PRUDENTE DE MORAES";"217";"";"CENTRO";"Botucatu";"SP";"18602060";"14";"38155199";"38155199";"apasbtu@terra.com.br";"ALEKSANDER TOALDO LACERDA";"DIRETOR PRESIDENTE";"14/09/1999"
"408026";"00665690000106";"ASSOCIAÇÃO POLICIAL DE ASSISTÊNCIA À SAÚDE DE DRACENA";"APAS DE DRACENA";"Autogestão";"RUA PRINCESA ISABEL";"1215";"";"CENTRO";"Dracena";"SP";"17900000";"18";"38213990";"38213997";"apasdrac@terra.com.br";"CLAUDINÊ DE OLIVEIRA CRESPO";"PRESIDENTE";"06/09/1999"
"406635";"71565659000133";"ASSOCIACAO POLICIAL DE ASSISTENCIA A SAUDE DE ITAPETININGA";"APAS/ITAPETININGA";"Autogestão";"RUA DR. COUTINHO";"524";"";"CENTRO";"Itapetininga";"SP";"18200358";"15";"32732008";"32732008";"contato@apasitapetininga.com.br";"MOISES MACHADO DE CAMPOS";"REPRESENTANTE";"21/07/1999"
"408034";"66491036000123";"ASSOCIAÇÃO POLICIAL DE ASSISTÊNCIA À SAÚDE DE JAÚ";"APAS-JAU";"Autogestão";"RUA DR JOÃO LEITE";"652";"";"CENTRO";"Jaú";"SP";"17201090";"01";"436214846";"436214846";"contato@apasjau.com.br";"DANIEL FARIAS";"PRESIDENTE";"08/09/1999"
"410608";"00200720000109";"ASSOCIACAO POLICIAL DE ASSISTENCIA A SAUDE DE PRESIDENTE PRUDENTE (APAS)";"APAS - PRESIDENTE PRUDENTE";"Autogestão";"RUA PIONEIRO JOSÉ LORENCETE";"420";"";"JARDIM BONGIOVANI";"Presidente Prudente";"SP";"19050350";"";"";"";"apas@apasprudente.com.br";"FLÁVIO DE OLIVEIRA MARTINEZ";"DIRETOR PRESIDENTE";"27/01/2000"
"411248";"00648506000101";"ASSOCIAÇÃO POLICIAL DE ASSISTÊNCIA À SAÚDE DE PRESIDENTE VENCESLAU";"APAS/PV";"Autogestão";"RUA DUQUE DE CAXIAS";"333";"";"CENTRO";"Presidente Venceslau";"SP";"19400000";"18";"32713230";"32713322";"contato@apaspv.com.br";"ADAILTON PEDROSA";"PRESIDENTE";"08/05/2000"
"408794";"72918287000144";"ASSOCIAÇÃO POLICIAL DE ASSISTÊNCIA À SAÚDE DE RIBEIRÃO PRETO (APAS)";"APAS ASSOCIAÇÃO POLICIAL DE ASSISTÊNCIA A SAÚDE RIBEIRÃO PRETO";"Autogestão";"RUA FLORIANO PEIXOTO";"1491";"";"JARDIM SUMARE";"Ribeirão Preto";"SP";"14025388";"16";"35055000";"35055000";"apasrp@apasrp.com.br";"CARLOS DO AMARAL";"PRESIDENTE";"07/10/1999"
"408263";"71753297000104";"ASSOCIAÇÃO POLICIAL DE ASSISTENCIA À SAUDE DE SAO JOAO DA BOA VISTA";"APAS - ASSOCIAÇÃO POLICIAL DE ASSISTÊCIA À SAÚDE SJBVISTA";"Autogestão";"AV. PRESIDENTE JOÃO BELCHIOR MARQUES GOU";"401";"";"PARQUE NAÇÕES ";"São João da Boa Vista";"SP";"13870579";"19";"36331494";"36338415";"apas.sjoao@uol.com.br";"CELSO AUGUSTO LUCIO ";"DIRETOR PRESIDENTE";"15/09/1999"
"407097";"00490723000116";"ASSOCIAÇÃO POLICIAL MILITAR DE ASSISTËNCIA A SAÚDE";"APOMAS";"Autogestão";"PRAÇA FELICIO TONELLO";"164";"";"VILA RODRIGUES";"Catanduva";"SP";"15801321";"17";"35252353";"35252353";"apomas.cat@uol.com.br";"LUIZ CESAR CESTE";"DIRETOR PRESIDENTE";"11/08/1999"
"420786";"24807514000111";"ASSOCIAÇÃO SANTA CASA CLÍNICAS DE BIRIGUI";"SANTA CASA CLÍNICAS";"Medicina de Grupo";"RUA MAESTRO ANTONIO PASSARELI";"208";"";"CENTRO";"Birigui";"SP";"16200004";"18";"36496620";"";"bruni@santacasaclinicas.com.br";"MARCOS ANTÔNIO VICENTINE";"DIRETOR PRESIDENTE";"27/03/2017"
"418803";"16665579000141";"ASSOCIAÇÃO SANTA CASA SAÚDE DE ARAÇATUBA";"SANTA CASA SAÚDE DE ARAÇATUBA";"Medicina de Grupo";"RUA OSCAR RODRIGUES ALVES";"1092";"";"VILA MENDONçA";"Araçatuba";"SP";"16015030";"18";"36072720";"";"SCSAUDEGERENCIA@TERRA.COM.BR";"FÁBIO JOSÉ BLAYA MARTINEZ";"GERENTE ADMINISTRATIVO";"25/03/2013"
"419249";"18321477000134";"ASSOCIAÇÃO SANTA CASA SAÚDE DE SÃO JOSÉ DOS CAMPOS";"SANTA CASA SAÚDE";"Medicina de Grupo";"AVENIDA DOUTOR JOÃO GUILHERMINO";"465";"";"CENTRO";"São José dos Campos";"SP";"12210130";"12";"38769000";"38769015";"SANTACASASAUDE@SANTACASASAUDESJC.COM.BR";"IVÃ MOLINA ";"DIRETOR EXECUTIVO PRESIDENTE";"08/01/2014"
"419141";"14946109000120";"ASSOCIAÇÃO SÃO FRANCISCO VIDA";"SÃO FRANCISCO VIDA";"Medicina de Grupo";"RUA GENERAL CARNEIRO";"471";"";"CENTRO";"Jacareí";"SP";"12308061";"12";"39559595";"39559595";"ans@sfvida.com.br";"PEDRO GUIMARAES";"DIRETOR SUPERINTENDENTE";"15/10/2013"
"421006";"27067508000163";"ASSOCIAÇÃO SÃO LUIZ SAÚDE";"SÃO LUIZ SAÚDE";"Medicina de Grupo";"RUA CORONEL ANDRE ULSON JUNIOR";"248";"";"CENTRO";"Araras";"SP";"13600690";"19";"35412107";"";"gerenciasls@iscma.com.br";"RÉGIS ROBERTO OLIVÉRIO";"ADMINISTRADOR";"29/09/2017"
"330892";"02903477000102";"ASSOCIAÇÃO SAÚDE CONCEIÇÃO";"SAÚDE CONCEIÇÃO";"Medicina de Grupo";"RUA VIDAL RAMOS";"299";"SALA 01";"CENTRO";"Tubarão";"SC";"88701140";"48";"36317178";"36317178";"saudeconceicao@saudeconceicao.org.br";"BEATRIZ HOBOLD";"DIRETORA PRESIDENTE";"24/12/1998"
"418218";"11336728000105";"ASSOCIAÇÃO SAÚDE RURAL ALEGRETE";"SAÚDE RURAL";"Medicina de Grupo";"RUA GENERAL VITORINO";"156";"SALA A";"CENTRO";"Alegrete";"RS";"97542310";"55";"34212802";"";"saude.rural@sauderural.com.br";"PEDRO PIRES PÍFFERO";"PRESIDENTE";"13/09/2011"
"418919";"11867361000156";"ASSOCIAÇÃO SAÚDE SÃO JOSÉ";"SAÚDE SÃO JOSÉ";"Medicina de Grupo";"RUA MARECHAL DEODORO";"382";"TERREO";"CENTRO";"Criciúma";"SC";"88801110";"48";"34333338";"34336242";"PLANO@SSJOSE.COM.BR";"MARIA FELÍCITA HENZ";"PRESIDENTE";"13/06/2013"
"417220";"10796140000171";"ASSOCIAÇÃO SERVIÇOS ODONTOLÓGICOS DA INDÚSTRIA DE MINAS GERAIS - ODONTOINDUSTRIA";"ODONTOINDUSTRIA";"Odontologia de Grupo";"RUA ALVARES MACIEL";"59";"11º ANDAR";"SANTA EFIGÊNIA";"Belo Horizonte";"MG";"30150250";"31";"32634600";"";"lramalho@fiemg.com.br";"LEONARDO SOUZA RAMALHO";"REPRESENTANTE";"09/04/2010"
"333867";"89761670000134";"ASSOCIAÇAO UNISAUDE MARAU";"UNISAÚDE";"Medicina de Grupo";"AVENIDA JULIO BORELLA";"1240";"CONJUNTO 406";"CENTRO";"Marau";"RS";"99150000";"54";"33422179";"33428002";"gerencia@unisaudemarau.com.br";"RUDIMAR LUIS RODEGHERO";"DIRETOR GERAL";"31/12/1998"
"420123";"23557177000199";"ASSOCIAÇÃO UNIVIDA SANTA RITA DO PASSA QUATRO";"ASSOCIAÇÃO UNIVIDA";"Medicina de Grupo";"RUA INÁCIO RIBEIRO";"295";"LATERAL MARECHAL DEODORO, Nº 1064";"CENTRO";"Santa Rita do Passa Quatro";"SP";"13670000";"19";"35823259";"";"gerencia@unividaplanodesaude.com.br";"ANTONIO PEDRO PAES";"PRESIDENTE";"16/05/2016"
"412635";"00307714000147";"ASSOCIAÇÃO VALEPARAIBANA DE ASSISTÊNCIA MÉDICA POLICIAL";"AVAMP";"Autogestão";"AV MARECHAL DEODORO DA FONSECA";"385";"";"JARDIM SANTA CLARA";"Taubaté";"SP";"12080000";"12";"36341266";"36213330";"diretoria@avamp.com.br";"FRANCISCO DE MELLO";"PRESIDENTE";"16/11/2000"
"420794";"23779545000143";"ASSOREL BRASIL ADMINISTRADORA DE BENEFICIOS LTDA - EPP";"ASSOREL BRASIL";"Administradora de Benefícios";"AVENIDA HISTORIADOR RUBENS DE MENDONÇA";"1856";"14º ANDAR, SALA 1404";"BOSQUE DA SAUDE";"Cuiabá";"MT";"78050000";"65";"30272470";"";"carolline@assorelbrasil.com.br";"CAROLLINE BRONZEADO DE OLIVEIRA MORILHAS";"SÓCIA ADMINISTRADORA";"26/01/2017"
"358410";"50949528000180";"ASTRA S/A INDUSTRIA E COMERCIO";"ASTRA S/A INDUSTRIA E COMERCIO";"Autogestão";"RUA COLÉGIO FLORENCE";"59";"";"JARDIM PRIMAVERA";"Jundiaí";"SP";"13209700";"11";"45837777";"";"joao.storarri@astra-sa.com";"JOAQUIM LUCAS SARTORI COELHO";"DIRETOR COMERCIAL";"21/12/1998"
"336874";"15245079000198";"ATEMDE ODONTO SAÚDE CLUBE DE BENEFÍCIOS";"ATEMDE ODONTO";"Odontologia de Grupo";"RUA RUI BARBOSA";"120";"ED. REAL SALA 202";"CENTRO";"Simões Filho";"BA";"43700000";"71";"34832700";"34832711";"contabilidade@atemde.com.br";"ANTÔNIO CLEITON VIEIRA GURGEL";"DIRETOR PRESIDENTE E ADMINISTR";"17/12/1998"
"422151";"34732056000152";"ATITUDE SAÚDE ASSISTÊNCIA MEDICA LTDA";"";"Medicina de Grupo";"RUA SETE DE SETEMBRO ";"55";"sala 2303";"CENTRO";"Rio de Janeiro";"RJ";"20050004";"";"";"";"diretoria@planoatitudesaude.com.br";"ELISANGELA SANTOS SOUSA";"REPRESENTANTE JUNTO À ANS";"27/02/2020"
"320510";"69289171000189";"ATÍVIA SERVIÇOS DE SAÚDE S/A";"";"Medicina de Grupo";"AVENIDA PREFEITO JOSÉ CRISTOVÃO AROUCA";"35";"";"JD PEREIRA AMPARO";"Jacareí";"SP";"12327707";"12";"39543954";"39543954";"epan01@ativia.com.br";"GILBERTO ANTONIO DUMALAKAS";"DIRETOR PRESIDENTE";"28/12/1998"
"327417";"59847780000152";"AUSTACLINICAS ASSISTÊNCIA MÉDICA E HOSPITALAR LTDA";"AUSTACLINICAS";"Medicina de Grupo";"AVENIDA MURCHID HOMSI";"1275";"";"PARQUE CELESTE";"São José do Rio Preto";"SP";"15013000";"17";"32031414";"";"austaclinicas@austa.com.br";"CLÁUDIO TAFLA";"DIRETOR";"21/12/1998"
"421600";"31207622000119";"A4 ADMINISTRADORA DE BENEFICIOS LTDA";"A4 ADMINISTRADORA DE BENEFICIOS ";"Administradora de Benefícios";"Rua do Rosário";"001";"Sala 401";"CENTRO";"Rio de Janeiro";"RJ";"20041003";"21";"35531692";"";"thiago@unimedicasaude.com";"SERGIO SOUTELINHO DE AMORIM";"ADMINISTRADOR";"29/04/2019"
"418013";"12903235000172";"BACCS ADMINISTRADORA DE BENEFÍCIOS LTDA";"BACCS";"Administradora de Benefícios";"AVENIDA DOM SEVERINO";"2074";"EDIFíCIO JOSé CARVALHO - SALA 104";"FáTIMA";"Teresina";"PI";"64049375";"21";"3231159088324692";"";"JOHNNY@IBOALAN.COM.BR";"ANTÔNIO CARLOS ANTUNES BASTOS";"SÓCIO-ADMINISTRADOR";"20/04/2011"
"346403";"60851615000153";"BARDELLA S/A INDÚSTRIAS MECÂNICAS";"BARDELLA S/A INDUSTRIAS MECANICAS";"Autogestão";"AV. ANTONIO BARDELLA";"525";"";"CUMBICA";"Guarulhos";"SP";"07220902";"11";"24871084";"24871068";"scsousa@bardella.com.br";"SHIE YU FANG";"CHEFE DR DEPARTAMENTO";"27/01/1999"
"421251";"28651058000114";"BARUK ADMINISTRADORA DE BENEFÍCIOS LTDA";"";"Administradora de Benefícios";"AV. SENADOR ÁREA LEÃO";"2185";"TORRE 1, SALAS 701 E 702";"SÃO CRISTÓVÃO";"Teresina";"PI";"64051090";"86";"994528954";"";"kelly.goncalves08@hotmail.com";"KELLY LIMA FONSECA GONÇALVES";"Sócia-Administradora";"29/03/2018"
"422991";"41215349000128";"BAUEN LIFE LTDA.";"BAUEN LIFE";"Administradora de Benefícios";"RUA SÃO PAULO";"41";"SALA 1904 B";"VILA BELMIRO";"Santos";"SP";"11075330";"13";"974210807";"";"ricardo@valdivia.com.br";"JOSE RICARDO VALDIVIA JUNIOR";"Sócio Administrador";"26/08/2021"
"419257";"19240452000179";"BCI ADMINISTRADORA DE BENEFÍCIOS LTDA.";"BCI ADMINISTRADORA DE BENEFÍCIOS";"Administradora de Benefícios";"AVENIDA INDIANóPOLIS";"1597";"1º ANDAR - SALA 02";"BAIRRO INDIANóPOLIS";"São Paulo";"SP";"04063003";"11";"35253600";"";"administrativo@bciadministradora.com.br";"FILIPE RODRIGUES RIBEIRO DA SILVA";"REPRESENTANTE";"22/01/2014"
"419125";"07611953000135";"BEDOIS SERVIÇOS DE ADMINISTRAÇÃO DE BENEFÍCIOS LTDA.";"BEDOIS SERVIÇOS DE ADMINISTRAÇÃO DE BENEFÍCIOS LTDA.";"Administradora de Benefícios";"AVENIDA NILO PEçANHA";"50";"GRUPO 2215 E 2216";"CENTRO";"Rio de Janeiro";"RJ";"20002210";"21";"22124150";"22206917";"FVIGNOLI@B2SAUDE.COM.BR";"ROBERTO FRANCISCO VIGNOLI NUNES";"DIRETOR PRESIDENTE";"03/10/2013"
"421332";"29138326000161";"BEM BENEFÍCIOS ADMINISTRADORA LTDA";"";"Administradora de Benefícios";"RUA DA QUITANDA";"50";"SALAS 2201, 2202, 2203";"CENTRO";"Rio de Janeiro";"RJ";"20011030";"21";"22245788";"";"elaine.almeida@bembeneficios.com.br";"ELAINE DE ALMEIDA ALVES";"SÓCIA";"19/07/2018"
"420697";"25313773000159";"BEM ESTAR ADMINISTRADORA DE BENEFÍCIOS LTDA";"";"Administradora de Benefícios";"RUA FELIPE SCHMIDT";"679";"";"CENTRO";"Florianópolis";"SC";"88010000";"48";"32297123";"";"CONTATO@BEMESTARADM.COM.BR";"SOLANGE APARECIDA KUCHINISKI";"SÓCIA ADMINISTRADORA";"13/01/2017"
"417874";"08192597000125";"BEM MAIS ODONTO OPERADORA ODONTOLÓGICA LTDA.";"BEM MAIS ODONTO OPERADORA ODONTOLÓGICA LTDA.";"Odontologia de Grupo";"RUA JOSEPHINA MANDOTTI";"88";"";"JARDIM MAIA";"Guarulhos";"SP";"07115080";"11";"23583368";"";"administrativo@bemmaisodonto.com.br";"GILBERTO MAIDA MELLACE JUNIOR";"REPRESENTANTE";"03/02/2011"
"318299";"83506030000100";"BENEFICENCIA CAMILIANA DO SUL";"PLANO DE SAÚDE SÃO CAMILO";"Filantropia";"RUA ATALIPIO MAGARINOS";"318";"";"CENTRO";"Concórdia";"SC";"89700005";"49";"34414900";"34414934";"planosaocamilo@planosaocamilo.com.br";"OSMAR EUGÊNIO PENSO";"REPRESENTANTE JUNTO À ANS";"22/12/1998"
"421189";"22709109000135";"BENEFICÊNCIA SOCIAL BOM SAMARITANO";"HOSPITAL BOM SAMARITANO";"Filantropia";"R. Ranulfo Alvares";"1620";"";"Vila Isa";"Governador Valadares";"MG";"35044220";"33";"21016100";"";"gerenciaadm@hospitalsamaritano.org.br";"ELVIS DEIVIS ANDRADE";"Superintendente Administrativo";"28/06/2018"
"419869";"12380335000161";"BENEFIT ADMINISTRADORA DE BENEFÍCIOS LTDA.";"";"Administradora de Benefícios";"AV. ENGENHEIRO LUIZ CARLOS BERRINI";"105";"10 º ANDAR, SALA 102 B, TORRE 4";"CIDADE MONÇÕES";"São Paulo";"SP";"04571010";"11";"30544799";"";"PRISCILA@HARMONIA.COM.BR";"PRISCILA MARIA LIMA CONDUTA ELIAS";"ADMINISTRADORA";"05/08/2015"
"421324";"29179109000110";"BENEVITAE ADMINISTRADORA DE BENEFÍCIOS LTDA";"BENEVITAE";"Administradora de Benefícios";"AVENIDA CALAMA";"5175";"SALA 205";"FLODOALDO PONTES PINTO";"Porto Velho";"RO";"76820595";"69";"999633038";"";"fagnerferreira@benevitae.com.br";"FAGNER FERREIRA GONÇALVES";"SÓCIO-ADMINISTRADOR";"19/07/2018"
"417718";"11073058000181";"BENEVIX ADMINISTRADORA DE BENEFÍCIOS LTDA";"BENEVIX ADMINISTRADORA";"Administradora de Benefícios";"RUA PROFESSOR CARLOS DE CARVALHO";"164";"9º ANDAR - CJ 91 e CJ 92";"ITAIM BIBI";"São Paulo";"SP";"04531080";"27";"30227272";"30227270";"FCOSSETTI@BENEVIX.COM.BR";"FLÁVIO NASCIMENTO COSSETTI";"REPRESENTANTE";"03/12/2010"
"366561";"02849393000138";"BENSAUDE PLANO DE ASSISTENCIA MEDICA HOSPITALAR LTDA.";"BENSAUDE PLANO DE ASSISTENCIA MEDICA HOSPITALAR  LTDA";"Medicina de Grupo";"RUA XV DE NOVEMBRO";"4488";"";"REDENTORA";"São José do Rio Preto";"SP";"15015110";"17";"32146499";"32146499";"bensaude@bensaude.com.br";"TSUGUGO TOMA";"REPRESENTANTE";"18/12/1998"
"420042";"13852392000169";"BEST LIFE ASSESSORIA NA GESTÃO E ADMINISTRADORA DE BENEFÍCIOS LTDA";"BEST LIFE BENEFÍCIOS";"Administradora de Benefícios";"R. PROF. JOSÉ HORÁCIO MEIRELLES TEIXEIRA";"975";"CONJUNTO 41-PARTE";"MORUMBI";"São Paulo";"SP";"05630130";"11";"37432350";"";"EP@GRUPOEPEA.COM.BR";"ERNANI PARISE";"ADMINISTRADOR";"03/02/2016"
"421766";"32421708000102";"BEST SENIOR OPERADORA DE SAÚDE LTDA";"BEST SENIOR ";"Medicina de Grupo";"AVENIDA SATURNINO DE BRITO ";"1350";"1º PAVIMENTO";"PRAIA DO CONTRA";"Vitória";"ES";"29055540";"27";"998660566";"";"jumarcanedo@gmail.com";"JUMAR CANEDO DE ALMEIDA";"Administrador";"02/09/2019"
"402966";"03123146000112";"BIO SAÚDE SERVIÇOS MÉDICOS LTDA";"BIO SAÚDE";"Medicina de Grupo";"AVENIDA PAULISTA ";"777";"2° ANDAR";"BELA VISTA";"São Paulo";"SP";"01311914";"11";"34693100";"32421800";"ans@intermedica.com.br";"LUIZ CELSO DIAS LOPES";"REPRESENTANTE";"31/03/1999"
"419079";"14674151000130";"BIORAL SISTEMA ODONTOLÓGICO LTDA.";"BIORAL PLANOS DE SAÚDE LTDA";"Odontologia de Grupo";"RUA MATIAS AIRES";"402";"2° ANDAR";"CONSOLAÇÃO";"São Paulo";"SP";"01309020";"11";"45221777";"45221777";"RICARDO@BIORAL.COM.BR";"RICARDO AIUB DE TOLEDO PRADO";"ADMINISTRADOR";"03/10/2013"
"415111";"04299138000194";"BIOVIDA SAÚDE LTDA.";"BIOVIDA SAÚDE";"Medicina de Grupo";"RUA BARÃO DE ITAPETININGA";"151";"2º ANDAR - CONJUNTO 22";"REPÚBLICA";"São Paulo";"SP";"01042001";"11";"35092230";"65217799";"biovidasaude@biovidasaude.com.br";"CARLOS ALBERTO DE ALMEIDA CAMPOS";"ADMINISTRADOR";"16/02/2005"
"422401";"34673588000166";"BIT LIFE BENEFÍCIOS LTDA";"BIT LIFE ";"Administradora de Benefícios";"RUA ÁLVARO DE CARVALHO";"22";"701 A";"CENTRO";"São Paulo";"SP";"01050070";"11";"32592147";"";"falconeseg@gmail.com";"IVO MARCOS FALCONE";"sócio administrador";"13/01/2021"
"421995";"31519109000163";"BLUE MED SAUDE LTDA";"BLUE MED";"Medicina de Grupo";"RUA SETE DE SETEMRBO ";"55";"SALA 2303";"CENTRO";"Rio de Janeiro";"RJ";"20050004";"00";"30038424";"";"pertrelly@soubluemed.com";"IZAIAS ALMEIDA DOS SANTOS";"REPRESENTANTE";"22/05/2020"
"419222";"11962397000119";"BR ADMINISTRADORA DE BENEFÍCIOS LTDA.";"";"Administradora de Benefícios";"RUA ROBERTO SIMONSEN";"94";"";"SÉ";"São Paulo";"SP";"01017020";"11";"21329100";"21329136";"tc-santana@uol.com.br";"TEREZA CRISTINA OLIVEIRA SANTANA";"SÓCIA-ADMINISTRADOR";"18/12/2013"
"421715";"15011651000154";"BRADESCO SAÚDE - OPERADORA DE PLANOS  S/A";"";"Medicina de Grupo";"AVENIDA ALPHAVILLE";"779";"17º ANDAR, SALA 1701-PARTE";"DEZOITO DO FORTE EMPRESARIAL/A";"Barueri";"SP";"06472900";"21";"25031076";"25031329";"flavio.bitter@bradescoseguros.com.br";"FLÁVIO BITTER";"Diretor Gerente";"29/04/2019"
"005711";"92693118000160";"BRADESCO SAÚDE S.A.";"BRADESCO SAUDE S.A.";"Seguradora Especializada em Saúde";"AVENIDA RIO DE JANEIRO";"555";"19º ANDAR";"CAJU";"Rio de Janeiro";"RJ";"20931675";"21";"31666000";"25031329";"flavio.bitter@bradescoseguros.com.br";"FLAVIO BITTER ";"Diretor Gerente";"16/12/1998"
"421561";"31596055000130";"BRASIL ODONTO OPERADORA DE PLANOS ODONTOLÓGICOS LTDA";"BRASIL ODONTO PLANO DE SAUDE";"Odontologia de Grupo";"Q.603 SUL AVENIDA LO 13";"13";"";"PLANO DIRETOR SUL";"Palmas";"TO";"77016338";"63";"999629224";"";"brasilodonto.adm@gmail.com";"EDUARDO NASCIMENTO DE OLIVEIRA";"SÓCIO-ADMINISTRADOR";"05/04/2019"
"419419";"19962272000109";"BRASILDENTAL OPERADORA DE PLANOS ODONTOLÓGICOS S.A.";"";"Odontologia de Grupo";"AV. MARCOS PENTEADO DE ULHÔA RODRIGUES";"939";"14º PAVIMENTO, PARTE";"TAMBORé";"Barueri";"SP";"06460040";"11";"4878887048786917";"";"LBLANCO@ODONTOPREV.COM.BR";"JOSÉ ROBERTO BORGES PACHECO";"REPRESENTANTE";"27/06/2014"
"419613";"14838567000146";"BRAZIL DENTAL OPERADORA DE PLANOS ODONTOLÓGICOS LTDA";"BRAZIL DENTAL";"Odontologia de Grupo";"RUA DA CONSOLAÇÃO";"1681";"3º ANDAR - CONJUNTO 31";"CONSOLAÇÃO";"São Paulo";"SP";"01301100";"11";"30176078";"";"cicasimoes@terra.com.br";"CECÍLIA MONTALVÃO SIMÕES";"SóCIA-ADMINISTRADORA";"13/11/2014"
"417238";"01838723000127";"BRF S/A";"BRF - BRASIL FOODS S/A";"Autogestão";"RUA JORGE TZACHEL";"475";"";"FAZENDA";"Itajaí";"SC";"88301600";"41";"34017193";"";"ouvidoria.autogestao@brf.com";"ADRIANA INÊS PIZZOLATO SAUER";"REPRESENTANTE";"09/04/2010"
"415774";"07844436000106";"CABERJ INTEGRAL SAÚDE S.A";"";"Medicina de Grupo";"AVENIDA ERNANI DO AMARAL PEIXOTO";"467";"SALA 1411 - PARTE";"CENTRO";"Niterói";"RJ";"24020073";"21";"25056446";"";"diretoria@caberj.com.br";"HAROLDO AQUINO FILHO";"REPRESENTANTE LEGAL";"26/09/2006"
"416657";"07027515000124";"CAIXA ASSISTENCIAL DOS AUDITORES FISCAIS DA RECEITA FEDERAL DO BRASIL";"CAARF";"Autogestão";"RUA ESPÍRITO SANTO";"616";"SALA 1.210   -  12.ª ANDAR";"CENTRO";"Belo Horizonte";"MG";"30160030";"31";"32499000";"32499003";"SAUDEUNAFISCOMG@TERRA.COM.BR";"FIRMIANO DE SOUZA NETO";"REPRESENTANTE";"14/04/2008"
"327557";"83937631000169";"CAIXA ASSISTENCIAL E BENEFICENTE DOS FUNCIONÁRIOS DA ACARESC";"CASACARESC";"Autogestão";"Rod Admar Gonzaga";"1347";"SEDE";"ITACORUBI";"Florianópolis";"SC";"88034901";"";"";"";"casacaresc@casacaresc.org.br";"ÚRSULA MARIA LUDWIG MORAES";"GERENTE";"21/12/1998"
"347825";"01052203000194";"CAIXA ASSISTENCIAL UNIVERSITARIA DO RIO DE JANEIRO";"CAURJ";"Autogestão";"AVENIDA VENCESLAU BRAS";"71";"";"BOTAFOGO";"Rio de Janeiro";"RJ";"22290140";"21";"25420708";"25420708";"administracao@caurj.com.br";"MARIA RAQUEL DE ASSIS GOMES ALVES";"PRESIDENTE";"29/01/1999"
"314251";"02172353000102";"CAIXA ASSISTENCIAL UNIVERSITÁRIA DO RIO GRANDE DO NORTE";"CAURN";"Autogestão";"AV. SENADOR SALGADO FILHO";"3000";"UFRN - CENTRO DE CONVIVENCIA - SALA 20";"LAGOA NOVA";"Natal";"RN";"59078900";"84";"33113665";"33113667";"caurn@caurn.com.br";"ELIANA MARIA DOS SANTOS";"SUPERINTENDENTE";"29/12/1998"
"352331";"62231527000184";"CAIXA BENEFICENTE DOS FUNCIONARIOS DO BANCO DO ESTADO DE SÃO PAULO";"CABESP";"Autogestão";"RUA BOA VISTA";"293";"";"CENTRO";"São Paulo";"SP";"01014915";"11";"21851130";"21851283";"relacionamento.ans@cabesp.com.br";"MARIA LUCIA ETTORE DO VALLE";"DIRETORA PRESIDENTE";"22/12/1998"
"414026";"78304672000188";"CAIXA BENEFICENTE DOS FUNCIONÁRIOS DO GRUPO IGUAÇU";"CABEFI";"Autogestão";"BR 369, KM 88, RODOVIA MELLO PEIXOTO";"S/N";"";"PARQUE INDUSTRIAL";"Cornélio Procópio";"PR";"86300000";"43";"34011449";"";"convenio@iguacu.com.br";"HAMILTON BAPTISTA JÚNIOR";"DIRETOR GERENTE";"13/07/2001"
"416401";"08097092000181";"CAIXA DE ASSISTÊNCIA  DOS EMPREGADOS DA EMPRESA  BRASILEIRA DE PESQUISA  AGROPECUÁRIA";"CASEMBRAPA";"Autogestão";"PARQUE EST. BIOL. - W3 NORTE FINAL";"S/N";"BLOCO A";"ASA NORTE";"Brasília";"DF";"70770901";"61";"34484091";"34484091";"presidencia@casembrapa.org.br";"ALAN AUGUSTO DOS REIS";"PRESIDENTE INTERINO";"30/10/2007"
"324361";"42182170000184";"CAIXA DE ASSISTÊNCIA À SAÚDE - CABERJ";"";"Medicina de Grupo";"RUA DO OUVIDOR";"91";"2º, 3º,4º E 5º ANDAR";"CENTRO";"Rio de Janeiro";"RJ";"20040031";"21";"25056446";"25056439";"diretoria@caberj.com.br";"HAROLDO AQUINO FILHO";"DIRETOR EXECUTIVO GERAL";"21/12/1998"
"316873";"73395469000140";"CAIXA DE ASSISTENCIA A SAUDE DA UNIVERSIDADE";"CASU/UFMG";"Autogestão";"AV. ANTÔNIO CARLOS";"6627";"LOJA 1 PRAÇA DE SERVIÇOS";"PAMPULHA";"Belo Horizonte";"MG";"31270901";"31";"34997200";"34997200";"casu@casu.com.br";"DIRCEU WAGNER CARVALHO DE SOUZA";"PRESIDENTE DA DIRETORIA EXECUTIVA";"22/12/1998"
"417661";"11996146000155";"CAIXA DE ASSISTÊNCIA À SAÚDE DO SINDICATO DOS FUNCIONÁRIOS INTEGRANTES DO GRUPO OCUPACIONAL ADMINISTRAÇÃO TRIBUTÁRIA DO ESTADO DE PERNAMBUCO";"FISCO SAÚDE-PE";"Autogestão";"RUA DA AURORA";"1443";"SALA 1";"SANTO AMARO";"Recife";"PE";"50040090";"81";"31267702";"31267711";"fiscosaude@fiscosaudepe.com.br";"JOELMA HELENA DA ROCHA";"GERENTE DE PRODUTOS";"03/12/2010"
"412295";"03702977000149";"CAIXA DE ASSISTÊNCIA À SAUDE DOS EMPREGADOS DA CODEVASF - CASEC";"CASEC";"Autogestão";"SGAN QD. 601 CONJ. I PARTE";"SALA 215";"ED. MANOEL NOVAES";"ASA NORTE";"Brasília";"DF";"70830019";"61";"33236995";"32231848";"casec@codevasf.gov.br";"SELMA FERNANDES RODRIGUES";"PRESIDENTE";"18/09/2000"
"421341";"04574626000162";"CAIXA DE ASSISTÊNCIA À SAÚDE DOS SERVIDORES PÚBLICOS DO ESTADO DO MATO GROSSO DO SUL";"UNISAÚDEMS ";"Autogestão";"RUA ABRÃO JÚLIO RAHE";"1440";"";"VILA SILVIA";"Campo Grande";"MS";"79020190";"";"";"";"regulacao@unisaudems.org.br";"ZENILDO PEREIRA DANTAS";"DIRETOR PRESIDENTE";"17/07/2018"
"419851";"21205801000163";"CAIXA DE ASSISTÊNCIA À SAÚDE DOS TRABALHADORES NAS INDÚSTRIAS METALÚRGICAS, MECÂNICAS E DO MATERIAL ELÉTRICO DE BRUSQUE";"SINTIMMMEB SAÚDE";"Autogestão";"RUA JOÃO BAUER";"75";"";"CENTRO";"Brusque";"SC";"88350101";"47";"32515900";"";"atendimento@sintimmmebsaude.com.br";"EDUARDO DE SOUZA";"PRESIDENTE";"29/07/2015"
"418820";"27085968000114";"CAIXA DE ASSISTÊNCIA AOS MEMBROS DA DEFENSORIA PÚBLICA DO ESTADO DO RIO DE JANEIRO";"CAMARJ";"Autogestão";"RUA DO CARMO";"7";"2º ANDAR";"CENTRO";"Rio de Janeiro";"RJ";"20011020";"21";"25335995";"";"CAMARJ@CAMARJ.COM.BR";"SUYAN DOS SANTOS LIBERATORI";"DIRETOR PRESIDENTE";"25/03/2013"
"413518";"04197511000104";"CAIXA DE ASSISTÊNCIA DO SINDFISCO - CASSIND";"CASSIND";"Autogestão";"RUA JORNALISTA JOÃO BATISTA DE SANTANA";"1914";"";"COROA DO MEIO";"Aracaju";"SE";"49035430";"79";"32551696";"32553525";"cassind@cassind.com.br";"BALBINO JOSÉ SILVA NETO";"REPRESENTANTE";"09/04/2001"
"321869";"31934805000136";"CAIXA DE ASSISTÊNCIA DOS EMPREGADOS DA CEDAE";"CEDAE SAÚDE";"Autogestão";"AV. PRESIDENTE VARGAS";"463";"9º ANDAR";"CENTRO";"Rio de Janeiro";"RJ";"21071003";"21";"21267154";"22219201";"asreg@cedaesaude.org.br";"JOÃO VIEIRA DA COSTA JUNIOR";"DIRETOR PRESIDENTE";"18/12/1998"
"363855";"37382009000114";"CAIXA DE ASSISTÊNCIA DOS EMPREGADOS DA SANEAGO";"CAESAN";"Autogestão";"AVENIDA C";"576";"QUADRA A-26 - LOTE 11";"JARDIM GOIÁS";"Goiânia";"GO";"74805070";"62";"32677300";"";"caesan@caesan.com.br";"JOSÉ ROGÉRIO DA SILVA";"DIRETOR PRESIDENTE";"22/12/1998"
"307319";"02315431000172";"CAIXA DE ASSISTÊNCIA DOS EMPREGADOS DO BANCO DO ESTADO DO RIO GRANDE DO SUL";"CABERGS";"Autogestão";"RUA SIQUEIRA CAMPOS";"736";"11 º AND";"CENTRO";"Porto Alegre";"RS";"90010000";"51";"32629184";"32629184";"decio@cabergs.org.br";"DÉCIO EVERALDINO BRAGA";"GERENTE FINANCEIRO ADMINISTRATIVO";"18/12/1998"
"315583";"15215452000168";"CAIXA DE ASSISTÊNCIA DOS EMPREGADOS DO BANEB";"CASSEB";"Autogestão";"RUA METODIO COELHO";"133";"CIDADELA";"PARQUE BELA VISTA";"Salvador";"BA";"40279120";"71";"33500500";"33588852";"casseb@casseb.com.br";"PAULO ROBERTO NOLASCO FARIAS";"PRESIDENTE";"30/12/1998"
"335789";"13086566000120";"CAIXA DE ASSISTÊNCIA DOS EMPREGADOS DO BANESE";"CASSE";"Autogestão";"RUA OLÍMPIO DE SOUZA CAMPOS JÚNIOR ";"98A";"DISTRITO INDUSTRIAL DE ARACAJU-DIA";"INÁCIO BARBOSA";"Aracaju";"SE";"49042840";"79";"32184339";"";"casses@banese.com.br";"CAROLINA DA SILVA BEZERRA BEIRAL";"PRESIDENTE";"22/12/1998"
"344184";"33601568000117";"CAIXA DE ASSISTÊNCIA DOS EMPREGADOS DO SETOR PÚBLICO DO ESTADO DE GOIÁS - CAEME";"CAEME";"Autogestão";"RUA 262";"84";"QUADRA 111 LOTE 10";"SETOR LESTE UNIVERSITÁRIO";"Goiânia";"GO";"74615300";"62";"32066773";"32066767";"caemego@hotmail.com.br";"HAMILTON BENTO DE OLIVEIRA";"REPRESENTANTE";"16/12/1998"
"343331";"28502128000172";"CAIXA DE ASSISTÊNCIA DOS EMPREGADOS DO SISTEMA FINANCEIRO BANESTES";"BANESCAIXA";"Autogestão";"AV PRINCESA ISABEL";"574";"10º ANDAR, SL 1001 A 1008";"CENTRO";"Vitória";"ES";"29010931";"27";"33831200";"33831210";"banescaixa@banestes.com.br";"JOVENAL GERA";"SUPERINTENDENTE";"22/12/1998"
"358754";"04204285000133";"CAIXA DE ASSISTÊNCIA DOS FUNCIONÁRIOS DO BANCO DA AMAZÔNIA - CASF";"";"Autogestão";"AVENIDA GENERALÍSSIMO DEODORO";"1340";"ANDAR 1 e 2";"NAZARÉ";"Belém";"PA";"66035090";"91";"40054300";"32414413";"casf@casf.com.br";"SOFIA LISBOA CARDOSO";"PRESIDENTE";"23/12/1998"
"346659";"33719485000127";"CAIXA DE ASSISTÊNCIA DOS FUNCIONÁRIOS DO BANCO DO BRASIL";"CASSI";"Autogestão";"SIG, Quadra 4, Lote ";"575";"---";"ASA SUL";"Brasília";"DF";"70610910";"61";"32125000";"33106944";"planos@cassi.com.br";"DAYLTON JOSE ATAIDE GOMES";"REPRESENTANTE JUNTO À ANS";"29/12/1998"
"385697";"05814777000103";"CAIXA DE ASSISTÊNCIA DOS FUNCIONÁRIOS DO BANCO DO NORDESTE DO BRASIL";"CAMED SAÚDE";"Autogestão";"AV SANTOS DUMONT";"782";"";"CENTRO";"Fortaleza";"CE";"60150160";"85";"40087840";"40087884";"camed@camed.com.br";"OCIONE MARQUES MENDONÇA";"DIRETOR PRESIDENTE";"16/12/1998"
"302627";"35617257000171";"CAIXA DE ASSISTÊNCIA DOS MAGISTRADOS DE PERNAMBUCO";"CAIXA DE ASSISTÊNCIA DOS MAGISTRADOS DE PERNAMBUCO";"Autogestão";"RUA COMENDADOR BENTO AGUIAR";"270";"";"MADALENA";"Recife";"PE";"50750390";"81";"34450356";"32277681";"campe@hotlink.com.br";"ARNÓBIO AMORIM ARAÚJO JÚNIOR";"DIRETOR ADMINISTRATIVO";"17/12/1998"
"413534";"04311093000126";"CAIXA DE ASSISTENCIA DOS SERVIDORES DO ESTADO DE MATO GROSSO DO SUL";"CASSEMS";"Autogestão";"RUA ANTONIO MARIA COELHO";"6065";"";"VIVENDAS DO BOSQUE";"Campo Grande";"MS";"79021170";"67";"33141054";"33141046";"juridico@cassems.com.br";"RICARDO AYACHE";"PRESIDENTE CONS. ADMINISTRAÇÃO";"16/04/2001"
"359122";"63367700000139";"CAIXA DE ASSISTÊNCIA DOS SERVIDORES FAZENDÁRIOS ESTADUAIS";"CAFAZ";"Autogestão";"AV. FRANCISCO SÁ";"1733";"";"JACARECANGA";"Fortaleza";"CE";"60010450";"85";"31012636";"32385422";"cafaz@cafaz.org.br";"MARIA IVANY GOMES ARAÚJO";"PRESIDENTE";"22/12/1998"
"417548";"03033006000153";"CAIXA DE ASSISTÊNCIA OSWALDO CRUZ";"FIOSAÚDE";"Autogestão";"AV. BRASIL";"4036";"3º ANDAR";"MANGUINHOS";"Rio de Janeiro";"RJ";"21040361";"21";"38650088";"38651805";"fiosaude-ans@fiosaude.org.br";"JOSÉ ANTÔNIO DINIZ DE OLIVEIRA";"REPRESENTANTE";"21/09/2010"
"320820";"00668790000188";"CAIXA DE ASSISTÊNCIA SISTEMA SAÚDE INTEGRAL-SSI SAUDE";"SSI SAÚDE";"Autogestão";"RUA BENTO GONÇALVES";"2764";"";"SÃO PELEGRINO";"Caxias do Sul";"RS";"95020412";"54";"32238577";"32238577";"regulacao-ssi@randon.com.br";"ROSEMARY ARALDI RODRIGUES PISTORELLO";"REPRESENTANTE";"22/12/1998"
"324477";"30036685000197";"CAIXA DE PREVIDÊNCIA E ASSISTÊNCIA DOS SERVIDORES DA FUNDAÇÃO NACIONAL DE SAÚDE - CAPESESP";"CAPESESP";"Autogestão";"AVENIDA MARECHAL CÂMARA";"160";"";"CENTRO";"Rio de Janeiro";"RJ";"20020080";"21";"34791200";"22406459";"presidencia@capesesp.com.br";"JOÃO PAULO DOS REIS NETO";"DIRETOR PRESIDENTE";"17/12/1998"
"312924";"00360305000104";"CAIXA ECONÔMICA FEDERAL";"CAIXA";"Autogestão";"SAS - Q. 05 - LOTES 9/10 - 6º ANDAR";"05";"ED. SEDE II";"ASA SUL";"Brasília";"DF";"70070050";"61";"32063725";"32063748";"gecpe@caixa.gov.br";"FRANCISCO ASSIS FERREIRA SANCHES LOPES";"SUPERINTENDENTE NACIONAL";"21/12/1998"
"418072";"13223975000120";"CAIXA SEGURADORA ESPECIALIZADA EM SAÚDE S/A";"CAIXA SEGURADORA SAÚDE";"Seguradora Especializada em Saúde";"AVENIDA TAMBORÉ";"267";"14º ANDAR - ED. CANOPUS";"TAMBORÉ";"São Paulo";"SP";"06460000";"11";"49358275";"";"relacionamento.ans@caixaseguradora.com.br";"RODRIGO PASSADORE COSTANTINO";"DIRETOR SUPERINTENDENTE";"05/05/2011"
"319872";"35908607000159";"CAMIM - OPERADORA PLANO DE SAÚDE LTDA";"CAMIM";"Medicina de Grupo";"ESTRADA INTENDENTE MAGALHÃES";"476";"";"OSWALDO CRUZ";"Rio de Janeiro";"RJ";"21331720";"21";"24535566";"24502405";"operadora@camim.com.br";"ELIANA GALDINO DA SILVA";"SÓCIA ADMINISTRADORA";"06/01/1999"
"417785";"04566215000125";"CAMPEÃ ADMINISTRADORA DE BENEFÍCIOS LTDA.";"";"Administradora de Benefícios";"RUA DESEMBARGADOR WESTPHALEN";"2151";"";"REBOUÇAS";"Curitiba";"PR";"80220030";"41";"35125900";"";"WILLIAM@GRUPOVITAL.COM.BR";"WILLIAM AFONSO ALVES";"SOCIO ADMINISTRADOR";"20/12/2010"
"419265";"17634722000109";"CAPITAL ADMINISTRADORA DE BENEFÍCIOS LTDA.";"CAPITAL ADMINISTRADORA DE BENEFÍCIOS";"Administradora de Benefícios";"SCS QUADRA 05 BLOCO C";"LJ 168";"PARTE A1 GALERIA NOVA OUVIDOR";"ASA SUL";"Brasília";"DF";"70305918";"61";"30419594";"";"XX@XX.XX";"NEY BRANDÃO";"SÓCIO-ADMINISTRADOR";"23/01/2014"
"379956";"02725347000127";"CARE PLUS MEDICINA ASSISTENCIAL LTDA.";"CARE PLUS MEDICINA ASSISTENCIAL LTDA.";"Medicina de Grupo";"ALAMEDA MAMORÉ";"687";"12ª ANDAR - CJ 1201 A 1204";"ALPHAVILLE";"Barueri";"SP";"06454040";"11";"41979000";"41979054";"ans@careplus.com.br";"LUIZ ROBERTO FONSECA DE CAMARGO";"DIRETOR PRESIDENTE";"07/01/1999"
"422304";"36263502000152";"CARING SAÚDE ASSISTÊNCIA MÉDICA LTDA.";"";"Medicina de Grupo";"Rua da Assembleia";"10";"sala 3516";"CENTRO";"Rio de Janeiro";"RJ";"20011901";"21";"980069917";"";"rafinha1478952@hotmail.com";"RAFAEL OLIVEIRA DA SILVA";"ADMINISTRADOR";"16/06/2020"
"327328";"05455431000166";"CASA DE SAÚDE NOSSA SENHORA DE FÁTIMA  LTDA.";"CASA DE SAÚDE NOSSA SENHORA DE FÁTIMA .";"Medicina de Grupo";"R MANOEL INACIO BEZERRA";"89";"";"CENTRO";"Brejo Santo";"CE";"63260000";"88";"35310460";"35310997";"csnsf1@gmail.com";"EDMILSON COSTA  MEDEIRO";"DIRETOR ADMINISTRATIVO";"04/01/1999"
"363766";"31488208000125";"CASA DE SAÚDE SÃO BERNARDO S/A";"SÃO BERNARDO SAÚDE";"Medicina de Grupo";"RUA MADEIRA DE FREITAS";"44";"";"PRAIA DO CANTO";"Vitória";"ES";"29055320";"27";"21012847";"";"ans@saobernardo.com";"WALTER LUIZ DALLA BERNARDINA";"DIRETOR PRESIDENTE";"16/12/1998"
"417165";"09114713000150";"CASE - CENTRAL DE ADMINISTRAÇÃO DE PLANO DE SAÚDE LTDA";"CASE SAÚDE";"Administradora de Benefícios";"AVENIDA RIO BRANCO";"81";"16º ANDAR";"CENTRO";"Rio de Janeiro";"RJ";"20040004";"21";"32169292";"32169292";"RAFAEL@CASESAUDE.COM.BR";"RAFAEL SAMPAIO DA MOTTA";"SóCIO-ADMINISTRADOR";"12/02/2010"
"415952";"64170517000101";"CDA - ASSISTÊNCIA ODONTOLÓGICA LTDA - EPP";"CDA ASSISTENCIA ODONTOLOGICA LTDA-EPP";"Odontologia de Grupo";"RUA BARÃO DE JAGUARA";"655";"SALA 1006, 1007, 1008 E 1010";"CENTRO";"Campinas";"SP";"13015001";"19";"32346437";"32311588";"cdacampinas@odontocda.com.br";"ANTONIO MARCIO RODRIGUES";"DIRETOR";"08/03/2007"
"311472";"18987107000130";"CEAM BRASIL - PLANOS DE SAÚDE LTDA";"CEAM BRASIL";"Medicina de Grupo";"PRAÇA DR. CARLOS VICTOR";"01";"3º ANDAR, SALA 1";"VARGINHA";"Itajubá";"MG";"37500000";"35";"36298014";"36298040";"contabilidade@ceambrasil.com.br";"LUIZ ARMANDO TEIXEIRA";"PRESIDENTE DO CONSELHO DE ADMINISTRAÇÃO";"18/12/1998"
"418749";"06814351000112";"CEDPLAN SAÚDE LTDA EPP";"";"Medicina de Grupo";"RUA QUINZE DE NOVEMBRO";"126";"LOJA 16";"CENTRO";"Barbacena";"MG";"36200074";"32";"33396250";"";"regulamentacao@cedplan.com.br";"DAVID ALDRIN LOPES CARNEIRO";"SÓCIO-ADMINISTRADOR ";"11/01/2013"
"339270";"42278796000199";"CELULOSE NIPO-BRASILEIRA S/A - CENIBRA";"CENIBRA";"Autogestão";"RODOVIA BR 381 - KM";"172";"CAIXA POSTAL 100 - AGÊNCIA CENIBRA";"PERPETUO SOCORRO";"Belo Oriente";"MG";"35196972";"31";"38295026";"38295218";"comunicacaosocial@cenibra.com.br";"FERNANDO SÉRGIO DA MATA BOREL";"GERENTE DEPARTAMENTO RECURSOS ";"12/01/1999"
"417505";"12055813000168";"CEMIG SAÚDE";"CEMIG SAÚDE";"Autogestão";"AVENIDA BARBACENA";"472";"5° AO 8° E 12º ANDARES";"BARRO PRETO";"Belo Horizonte";"MG";"30190130";"31";"32534923";"32534949";"orgaoregulador@cemigsaude.org.br";"ANDERSON FERREIRA";"REPRESENTANTE";"13/08/2010"
"300012";"49008568000148";"CEMIL CENTRO MEDICO DE ITU LTDA.";"CEMIL CENTRO MEDICO DE ITU  LTDA.";"Medicina de Grupo";"RUA SANTA RITA";"1745";"";"CENTRO";"Itu";"SP";"13300070";"11";"40138888";"";"solange.martins@cemilsaude.com.br";"RICARDO DE CAPRIO";"SÓCIO ADMINISTRADOR";"20/01/1999"
"422436";"04940191000122";"CENIBRA LOGÍSTICA LTDA";"CENIBRA LOG";"Autogestão";"RODOVIA BR 381 KM 172";"S/N";"CAIXA POSTAL  101";"PERPÉTUO SOCORRO";"Belo Oriente";"MG";"35162972";"31";"38295415";"";"beneficioscnblog@cenibra.com.br";"WELINGTON JUNIOR DE OLIVEIRA";"Gerente Financeiro e Admi";"22/10/2020"
"304697";"05914650000166";"CENTRAIS ELÉTRICAS DE RONDÔNIA S/A - CERON";"CENTRAIS ELÉTRICAS DE RONDÔNIA S/A - CERON";"Autogestão";"AV IMIGRANTES";"4137";"";"SETOR INDUSTRIAL";"Porto Velho";"RO";"76821063";"69";"32164004";"32164005";"haucineide.jesus@eletrobrasrondonia.com";"MARIZETE SILVANA DOS SANTOS";"GERENTE DE GESTÃO DE PESSOAS";"22/12/1998"
"339679";"02812468000106";"CENTRAL NACIONAL UNIMED - COOPERATIVA CENTRAL";"CENTRAL NACIONAL UNIMED";"Cooperativa Médica";"ALAMEDA SANTOS";"1826";"";"CERQUEIRA CÉSAR";"São Paulo";"SP";"01418102";"11";"32687700";"32687625";"compliance@centralnacionalunimed.com.br";"LUIZ PAULO TOSTES COIMBRA";"DIRETOR PRESIDENTE";"17/12/1998"
"417092";"10540020000109";"CENTRAL OPERADORA DE PLANOS DE SAÚDE NORTE-NORDESTE SOCIEDADE COOPERATIVA";"";"Cooperativa Médica";"AV. CARNEIRO DA CUNHA";"55";"";"TORRE";"João Pessoa";"PB";"58040909";"83";"30482710";"30482750";"contato@opsnortenordeste.com.br";"EURACY DE SOUSA BONNER";"DIRETORA PRESIDENTE";"09/09/2009"
"386596";"00366982000130";"CENTRAL REGIONAL DAS COOPERATIVAS MÉDICAS - UNIMED CERRADO";"UNIMED CERRADO";"Cooperativa Médica";"RUA 8 A";"111";"";"SETOR AEROPORTO";"Goiânia";"GO";"74075240";"62";"32215100";"32125100";"eurivan@unimedcerrado.com.br";"JOSE DE OLIVEIRA E SILVA";"DIRETOR PRESIDENTE";"24/12/1998"
"392804";"00773639000100";"CENTRO CLÍNICO GAÚCHO LTDA";"CENTRO CLÍNICO GAÚCHO";"Medicina de Grupo";"RUA DONA MARGARIDA";"537";"";"NAVEGANTES";"Porto Alegre";"RS";"90240611";"14";"32879212";"32879231";"contatoans@ccgrs.com.br";"FÁBIO BERNAL ROSSETTO";"REPRESENTANTE";"29/12/1998"
"304212";"92240605000178";"CENTRO CLINICO NH LTDA.";"CENTRO CLINICO NH";"Medicina de Grupo";"RUA LIMA E SILVA";"25";"";"CENTRO";"Novo Hamburgo";"RS";"93310002";"05";"130669378";"130669378";"arthur@centrocliniconh.com.br";"BADIR HASSAN AWAD";"DIRETOR";"25/01/1999"
"415910";"02569472000195";"CENTRO DE ENDOCRINOLOGIA DE JUNDIAÍ S/S LTDA";"IDEAL VIDA E SAUDE";"Medicina de Grupo";"RUA AUGUSTO DA SILVA PALHARES";"105";"";"JARDIM SAO BENTO";"Jundiaí";"SP";"13202510";"11";"46072323";"48163740";"idealvidaesaude@terra.com.br";"RONALDO MOISES";"SOCIO ADMINISTRADOR";"31/01/2007"
"350699";"00950062000164";"CENTRO HOSPITALAR ATIBAIA LTDA.";"CLIMED SAÚDE";"Medicina de Grupo";"RUA BAHIA";"299";"";"RECREIO ESTORIL";"Atibaia";"SP";"12944060";"11";"44121232";"";"juridico@sabinatibaia.com.br";"FRANCISCO ESPINHA NETO";"DIRETOR PRESIDENTE";"24/12/1998"
"408883";"27533116000142";"CENTRO MÉDICO FÁTIMA LTDA";"";"Medicina de Grupo";"RUA DEZENOVE DE FEVEREIRO";"126";"PARTE";"BOTAFOGO";"Rio de Janeiro";"RJ";"22280030";"21";"21368686";"22861250";"atendimento@memorialsaudebotafogo.com.br";"NEMER CHIDID FILHO";"SOCIO ADMINISTRADOR";"13/10/1999"
"314757";"37161015000141";"CENTRO ODONTOLOGICO INTEGRADO EIRELI";"INTERDENTAL";"Odontologia de Grupo";"SRTVS, QUADRA 701-CONJ. E ";"BLOCOS 2/4";"SALAS 207/208 E 209";"ASA SUL";"Brasília";"DF";"70340902";"61";"33212221";"613212221";"adm@interdentaldf.com.br";"ANGELA THAISE FREIRE FERREIRA";"SÓCIO-ADMINISTRADORA";"29/12/1998"
"419711";"21416316000139";"CENTRO OESTE ADMINISTRADORA DE BENEFICIOS LTDA";"CENTRO OESTE ADMINISTRADORA";"Administradora de Benefícios";"SGA/S QD 915";"S/N";"CONJ. N SL 322";"ASA SUL";"Brasília";"DF";"70390150";"61";"41032738";"";"administracao@centrooesteadm.com.br";"RODRIGO JACOB DE MATOS";"SÓCIO ADMINISTRADOR";"24/03/2015"
"303623";"62638374000194";"CENTRO TRASMONTANO DE SAO PAULO";"CENTRO TRASMONTANO DE SAO PAULO";"Medicina de Grupo";"RUA TABATINGUERA";"294";"";"CENTRO";"São Paulo";"SP";"01020903";"11";"31181519";"31151515";"ans@trasmontano.com.br";"FERNANDO JOSÉ MOREDO";"PRESIDENTE";"22/12/1998"
"401871";"64928609000108";"CEORP - CENTRO ODONTOLOGICO LTDA";"CEORP";"Odontologia de Grupo";"RUA DUQUE DE CAXIAS";"1453";"";"CENTRO";"Ribeirão Preto";"SP";"14015020";"16";"36105362";"36105362";"ceorp@terra.com.br";"PAULO CÉSAR MOSNA";"ADMINISTRADOR";"11/03/1999"
"324892";"43776491000170";"CETESB - COMPANHIA AMBIENTAL DO ESTADO DE SÃO PAULO";"CETESB";"Autogestão";"AV. PROFESSOR FREDERICO HERMANN JUNIOR";"345";"";"ALTO DOS PINHEIROS";"São Paulo";"SP";"05459900";"11";"31333440";"31333992";"ar_cetesb@sp.gov.br";"FERNANDO ROBERTO SETTI";"GERENTE DO DEPTO. DE GESTÃO RH";"29/12/1998"
"413291";"02140364000100";"CGO SAÚDE - OPERADORA DE PLANOS DE SAÚDE LTDA ";"CGO SAÚDE";"Medicina de Grupo";"AV. GOVERNADOR LEONEL DE MOURA BRIZOLA";"1169";"SALAS 401 E 402";"CENTRO";"Duque de Caxias";"RJ";"25010007";"21";"30103590213";"30103590255";"adm.pra@cgo.com.br";"MARCUS VINICIUS MARQUES GASPAR";"SÓCIO";"09/03/2001"
"310247";"88645403000139";"CIRCULO OPERARIO CAXIENSE";"CIRCULO OPERARIO CAXIENSE";"Medicina de Grupo";"RUA VISCONDE DE PELOTAS";"809";"";"CENTRO";"Caxias do Sul";"RS";"95020181";"54";"21010000";"542233491";"circulo@circulosaude.com.br";"FRANCISCO JOSE CALERO COSTA FILHO";"REPRESENTANTE";"24/12/1998"
"419435";"20088388000131";"CLASSE ADMINISTRADORA DE BENEFÍCIOS LTDA - ME";"CLASSE ADMINISTRADORA";"Administradora de Benefícios";"SBS - QD 02 - BLOCO A";"01";"SL 205 -  ED. CASA DE SÃO PAULO";"ASA SUL";"Brasília";"DF";"70070120";"61";"38791163";"38791164";"CANALANS@CLASSEADMINISTRADORA.COM.BR";"FRANCISCO NOGUEIRA DA SILVA";"REPRESENTANTE";"04/08/2014"
"343013";"25646761000146";"CLIMEPE TOTAL LTDA";"CLIMEPE TOTAL";"Medicina de Grupo";"RUA MINAS GERAIS";"640";"";"CENTRO";"Poços de Caldas";"MG";"37701004";"35";"37224004";"37224004";"ans@intermedica.com.br";"LUIZ CELSO DIAS LOPES";"REPRESENTANTE LEGAL";"17/12/1998"
"342955";"29780384000194";"CLIMESA CLÍNICA MÉDICA SANTANA LTDA";"MEGAMED SAUDE";"Medicina de Grupo";"AV. PASTOR MARTIN LUTHER KING JUNIOR";"7.406";"";"IRAJÁ";"Rio de Janeiro";"RJ";"21235000";"21";"33510482";"24511705";"direcao.climesa@gmail.com";"PABLO LIMA DE MENDONÇA";"SÓCIO GERENTE";"06/01/1999"
"410071";"03447952000146";"CLINICA ODONTOLOGICA ODONTOPLAN LTDA";"ODONTOPLAN";"Odontologia de Grupo";"RUA BENTO GONÇALVES";"1731";"SALA 112";"BOA VISTA";"Novo Hamburgo";"RS";"93410395";"51";"30366610";"30366610";"odontoplan@clinicaodontoplan.com.br";"ANA GICIELI FRACALOSSI";"SÓCIA ADMINISTRADORA";"07/12/1999"
"415944";"51262335000119";"CLÍNICA SÃO GABRIEL S/S LTDA";"";"Medicina de Grupo";"PRAÇA DA INDEPENDENCIA";"17";"";"CENTRO";"Ferraz de Vasconcelos";"SP";"08500901";"11";"46755166";"46765514";"info@saogabrielsaude.com.br";"JOSE CARLOS ABISSAMRA";"SOCIO-GERENTE";"08/03/2007"
"413275";"04272692000188";"CLINICA SÃO JOSÉ SAUDE LTDA.";"CLINICA SÃO JOSE SAUDE LTDA";"Medicina de Grupo";"PRAÇA MELVIN JONES";"7";"";"JD.SÃO DIMAS";"São José dos Campos";"SP";"12245360";"12";"39252300";"39251018";"cians@hapvida.com.br";"ANDRE LUIZ BOMFIM DE MELO";"REPRESENTANTE LEGAL";"07/03/2001"
"340782";"76882612000117";"CLINIPAM CLINICA PARANAENSE DE ASSISTENCIA MEDICA LTDA";"GNDI SUL";"Medicina de Grupo";"RUA XV DE NOVEMBRO";"575";"4º E 5º ANDARES ";"CENTRO";"Curitiba";"PR";"80020310";"41";"30213000";"30213060";"ans@clinipam.com.br";"LUIZ CELSO DIAS LOPES";"DIRETOR EXECUTIVO";"22/12/1998"
"418480";"08902329000150";"CLUBE CARE ADMINISTRADORA DE BENEFICIOS LTDA";"";"Administradora de Benefícios";"AVENIDA RIO BRANCO";"123";"GRUPO 1202 E 1203";"CENTRO";"Rio de Janeiro";"RJ";"20040905";"21";"35539188";"";"julianacjuridico@gmail.com";"AFRANIO FIGUEIREDO BENINATO";"REPRESENTANTE LEGAL";"26/03/2012"
"417891";"09585273000110";"CLUBE DE BENEFICIOS PARA COOP., ASS., CONS., SIND. E SEGUROS - CBCACSS";"";"Administradora de Benefícios";"RUA DA ASSEMBLEIA";"10";"SALA 3811 - A";"CENTRO";"Rio de Janeiro";"RJ";"20011000";"21";"84282619";"";"CBCACSS@CBCACSS.COM.BR";"ANTONIO CARLOS ANTUNES BASTOS";"DIRETOR PRESIDENTE";"22/02/2011"
"419290";"17698381000127";"CLUBE DE SAÚDE ADMINISTRADORA DE BENEFÍCIOS LTDA.";"";"Administradora de Benefícios";"RUA DOUTOR PLÍNIO BARRETO";"365";" PARTE";"BELA VISTA";"São Paulo";"SP";"01313020";"11";"31913876";"";"juridico_regulatorio_3@qualicorp.com.br";"ELTON HUGO CARLUCI";"REPRESENTANTE ";"21/02/2014"
"422461";"38046343000160";"CLUBE SILVER ADMINISTRADORA DE PLANOS DE SAUDE LTDA";"";"Administradora de Benefícios";"RUA QUINZE DE NOVEMBRO";"228";"AP 304";"CENTRO";"Niterói";"RJ";"24020125";"21";"35531692";"";"thiago@unimedicasaude.com";"ELVISON CARLOS FAGUNDES PINHEIRO";"SOCIO ADMINISTRADOR/REPRE";"09/02/2021"
"310239";"17146846000137";"CMI - PLANOS DE ASSISTÊNCIA MÉDICA LTDA";"PESSOAL SAÚDE";"Medicina de Grupo";"AV BARÃO DO RIO BRANCO";"3925";"LOJA 223";"ALTO DOS PASSOS";"Juiz de Fora";"MG";"36021630";"";"";"";"elisangela@pessoalsaude.com.br";"RAFAEL VIEIRA DE AQUINO SANCHES";"SÓCIO";"31/12/1998"
"419796";"14372148000161";"COMPANHIA DAS DOCAS DO ESTADO DA BAHIA - CODEBA";"CODEBA";"Autogestão";"AV. DA FRANçA";"1551";"ESTAçãO MARITIMA VISC. DE CAIRU";"COMERCIO";"Salvador";"BA";"40010000";"71";"33201294";"33201302";"JAILTON@CODEBA.COM.BR";"NEWTON FERREIRA DIAS";"DIRETOR ADMINISTRATIVO/ FINANC";"26/06/2015"
"330051";"47902648000117";"COMPANHIA DE ENGENHARIA DE TRAFEGO - CET";"";"Autogestão";"RUA BARÃO DE ITAPETININGA";"18";"";"CENTRO";"São Paulo";"SP";"05425904";"11";"30302378";"30302066";"dcp@cetsp.com.br";"RICARDO RIBEIRO";"REPRESENTANTE";"28/12/1998"
"416509";"27316538000166";"COMPANHIA DOCAS DO ESPIRITO SANTO - CODESA";"CODESA";"Autogestão";"AVENIDA GETULIO VARGAS";"556";"";"CENTRO";"Vitória";"ES";"29010945";"27";"31327326";"";"esantos@codesa.gov.br";"FABRICIO BERNARDES DINIZ";"COORD. DE RECURSOS HUMANOS";"22/01/2008"
"392405";"28151363000147";"COMPANHIA ESPIRITO SANTENSE DE SANEAMENTO";"CESAN";"Autogestão";"AV. GOVERNADOR BLEY";"186";"3º PAV";"CENTRO";"Vitória";"ES";"29010150";"27";"21275000";"21275353";"amscesan@cesan.com.br";"LEANDRO REZENDE DE ABREU";"GERENTE DE RECURSOS HUMANOS";"28/12/1998"
"334189";"26461699000180";"COMPANHIA NACIONAL DE ABASTECIMENTO - CONAB";"COMPANHIA NACIONAL DE ABASTECIMENTO - C0NAB";"Autogestão";"SGAS QUADRA 901, CONJUNTO 'A', EDIFÍCIO ";"69";"ASA SUL";"PLANO PILOTO";"Brasília";"DF";"70390010";"61";"33126073";"33126089";"gesas@conab.gov.br";"GIOVANA IANNICELLI CREMA RODRIGUES";"SUPERINT DE DESENV. DE PESSOAS";"05/01/1999"
"420247";"23920704000188";"COMPAR ADMINISTRADORA DE BENEFICIOS LTDA - ME";"COMPAR ADMINISTRADORA DE BENEFICIOS";"Administradora de Benefícios";"RUA TEIXEIRA SOARES";"468";"";"SEMINÁRIO";"Curitiba";"PR";"80240440";"41";"31140469";"";"COMPAR@COMPARADM.COM.BR";"ALMIR RODRIGUES";"SÓCIO ADMINISTRADOR";"25/10/2016"
"390259";"70094578000130";"COMSEDER - COOPERATIVA DE ASSISTÊNCIA MÉDICA DOS SERVIDORES DA SUPLAN E DO DER LTDA";"COMSEDER";"Autogestão";"AV. MAXIMIANO DE FIGUEIREDO";"311";"CASA";"CENTRO";"João Pessoa";"PB";"58013470";"83";"32162904";"32417196";"comseder@comseder.com.br";"FRANCISCO FERNANDES LISBOA";"DIRETOR PRESIDENTE";"29/12/1998"
"321931";"29640612000120";"CONFERÊNCIA SÃO JOSÉ DO AVAÍ";"HOSPITAL SÃO JOSÉ DO AVAÍ";"Filantropia";"RUA CORONEL LUIZ FERRAZ";"397";"";"CENTRO";"Itaperuna";"RJ";"28300000";"22";"38249288";"";"saudeavai@saudeavai.com.br";"AUGUSTO CLAUDIO DE ALMEIDA TINOCO";"REPRESENTANTE JUNTO A ANS";"16/12/1998"
"410624";"03613857000175";"CONFIANÇA ASSISTÊNCIA MÉDICO HOSPITALAR LTDA";"CONFIANÇA SAÚDE";"Medicina de Grupo";"RUA LORENA";"767";"";"PADRE EUSTÁQUIO";"Belo Horizonte";"MG";"30730170";"31";"34112025";"34112025";"gerencia@confiancasaude.com.br";"ROBERTO D'ASSUMPCAO GUIMARAES";"ADMINISTRADOR ";"21/02/2000"
"405931";"60537495000114";"CONSTRUDENTE ASSISTENCIA ODONTOLOGICA LTDA";"CONSTRUDENTE";"Odontologia de Grupo";"RUA JOÃO CACHOEIRA";"571";"CONJUNTO 27";"ITAIM BIBI";"São Paulo";"SP";"04535011";"11";"30786904";"30786904";"lia@construdente.com.br";"LIA ROSSI GILOS";"SÓCIA ADMINISTRADORA";"30/06/1999"
"418323";"13286268000183";"CONTEM ADMINISTRADORA DE PLANOS DE SAÚDE LTDA.";"CONTEM ADMINISTRADORA DE BENEFICIOS";"Administradora de Benefícios";"RUA DO CARMO";"08";"10º ANDAR";"CENTRO";"Rio de Janeiro";"RJ";"20011020";"21";"35274747";"";"juridico@grupocontem.com.br";"ANDREA DOS SANTOS MOURA";"PRESIDENTE";"21/12/2011"
"367087";"87158507000156";"COOPERATIVA CENTRAL UNIMED DE COOPERATIVAS DE ASSISTÊNCIA À SAÚDE DO RIO GRANDE DO SUL LTDA.";"UNIMED OPERADORA/RS";"Cooperativa Médica";"RUA SANTA TEREZINHA";"340";"";"FARROUPILHA";"Porto Alegre";"RS";"90040180";"05";"132011370";"133303085";"unimedrs@unimedrs.com.br";"PAULO ROBERTO DE OLIVEIRA WEBSTER";"REPRESENTANTE JUNTO A ANS";"18/12/1998"
"353477";"01041724000146";"COOPERATIVA DE ASSISTÊNCIA ODONTOLÓGICA VALE DO CAÍ LTDA - DENTSUL";"DENTSUL";"Cooperativa odontológica";"RUA CAPITAO PORFIRIO";"1551";"";"CENTRO";"Montenegro";"RS";"95780000";"51";"36322297";"516322297";"dentsul@dentsul.com.br";"TULIO CICERO HARRES SOARES";"PRESIDENTE";"22/12/1998"
"350362";"00216547000129";"COOPERATIVA DE CONSUMO E BENEFÍCIOS SOCIAIS E ECONÔMICOS 'C.S. ASSISTANCE'";"C.S. ASSISTANCE";"Medicina de Grupo";"R. BUENOS AIRES";"441";"3º ANDAR";"BATEL";"Curitiba";"PR";"80250070";"41";"32331943";"32331943";"relacionamento@assistancesaude.com.br";"MARCIAL CARLOS RIBEIRO JUNIOR";"PRESIDENTE";"20/01/1999"
"313084";"25064148000110";"COOPERATIVA DE TRABALHO MEDICO DE ARAGUAÍNA - UNIMED ARAGUAÍNA";"UNIMED DE ARAGUAINA";"Cooperativa Médica";"AVENIDA TOCANTINS";"1232";"LT- 17 QD RT-1";"CENTRO";"Araguaína";"TO";"77803120";"63";"34118600";"34143636";"gerente@unimedaraguaina.com.br";"LUIZ CARLOS DE OLIVEIRA";"PRESIDENTE";"24/12/1998"
"337188";"21490586000190";"COOPERATIVA DE TRABALHO MÉDICO DE POUSO ALEGRE";"UNIMED SUL MINEIRA";"Cooperativa Médica";"AV. MARECHAL CASTELO BRANCO";"75";"";"CEL EVARISTO AZEVEDO JUNQUEIRA";"Pouso Alegre";"MG";"37550275";"35";"34491800";"34491832";"unimed@unimedsulmineira.com.br";"MARCELO COUTO LUNA DE ALMEIDA";"DIRETOR PRESIDENTE";"18/12/1998"
"317012";"85177194000158";"COOPERATIVA DE TRABALHO MÉDICO DO PLANALTO NORTE DE SANTA CATARINA LTDA";"UNIMED PLANALTO NORTE";"Cooperativa Médica";"AVENIDA DOM PEDRO II";"373";"-";"CENTRO";"São Bento do Sul";"SC";"89280136";"47";"36314183";"36314183";"juridico@upn.unimedsc.com.br";"GIOVANI ERINEU SCHWINGEL";"PRESIDENTE";"17/12/1998"
"318213";"85246916000189";"COOPERATIVA DE TRABALHO MEDICO REGIÃO DO PLANALTO SERRANO";"COOPERATIVA DE TRABALHO MEDICO REG.PLAN.SERRANO";"Cooperativa Médica";"RUA FREI GABRIEL";"115";"";"CENTRO";"Lages";"SC";"88502030";"49";"32216600";"32216643";"adriana@lages.unimedsc.com.br";"ALCEU FERNANDES FILHO";"PRESIDENTE";"17/12/1998"
"419028";"25906728000108";"COOPERATIVA DE TRABALHO ODONTOLOGICO - UNIODONTO ITAJUBÁ";"";"Cooperativa odontológica";"RUA ALCIDES FARIA";"240";"";"VARGINHA";"Itajubá";"MG";"37501058";"35";"36220258";"36220258";"uniodonto@uniodontoitajuba.com.br";"ALEXANDRE JULIO DIELLE";"DIRETOR PRESIDENTE";"11/09/2013"
"359459";"02725037000102";"COOPERATIVA DOS CIRURGIÕES DENTISTAS DO ESTADO DE SERGIPE";"COOPERDONTO";"Cooperativa odontológica";"AVENIDA BARÃO DE MARUIM";"993";"";"CENTRO";"Aracaju";"SE";"49015040";"79";"32146343";"32145556";"contato@cooperdonto-se.com.br";"JOÃO TELES DE MELO FILHO";"PRESIDENTE";"30/12/1998"
"404241";"72350382000194";"COOPERATIVA DOS USUÁRIOS DE SERVIÇOS DE SAÚDE DO VALE DO RIO DOS SINOS LTDA";"COOPERSINOS LTDA";"Autogestão";"AV. UNISINOS";"950";"CENTRO COMUNITÁ";"CRISTO REI";"São Leopoldo";"RS";"93022000";"51";"35908509";"35908590";"clovisk@unisinos.br";"CLÓVIS ANTÔNIO KRONBAUER";"PRESIDENTE";"19/05/1999"
"406805";"03268622000193";"COOPERATIVA DOS USUÁRIOS DE SERVIÇOS DE SAÚDE LTDA.";"COOPUSAÚDE";"Medicina de Grupo";"PEDRO ALVARES CABRAL";"900";"";"CENTRO";"Erechim";"RS";"99700252";"54";"35202900";"35226869";"administracao@coopusaude.coop.br";"DILVA MARIA GALINA LOCH";"PRESIDENTE";"02/08/1999"
"400572";"02947180000149";"COOPERATIVA EVIDENTE - COOPERATIVA DE TRABALHO ODONTOLÓGICA DE BOTUCATU";"EVIDENTE";"Cooperativa odontológica";"RUA DR CARDOSO DE ALMEIDA";"579";"";"CENTRO";"Botucatu";"SP";"18600005";"14";"38824142";"38824142";"evidente@evidente.com.br";"JOÃO ANTONIO GODOY";"PRESIDENTE";"18/02/1999"
"417840";"02919940000104";"COOPERATIVA NOVODENTE LTDA";"NOVODENTE";"Cooperativa odontológica";"AVENIDA CEL. FREDERICO LINCK";"714";"SALAS 302 E 303";"RIO BRANCO";"Novo Hamburgo";"RS";"93336002";"51";"35941275";"35941275";"novodente@novodente.com.br";"JOÃO CARLOS MARIA RATH";"PRESIDENTE";"24/01/2011"
"342335";"01501597000110";"COOPERATIVA ODONTOLÓGICA DE GARANHUNS E AGRESTE MERIDIONAL.";"UNIODONTO GARANHUNS";"Cooperativa odontológica";"R DR JOSE MARIANO";"193";"";"SAO JOSE";"Garanhuns";"PE";"55293335";"87";"37621760";"37621760";"uniodonto@uniodontogaranhuns.coop.br";"LUIZ GONZAGA DE OLIVEIRA FILHO";"PRESIDENTE";"18/12/1998"
"365785";"02254846000183";"COOPERATIVA ODONTOLÓGICA DO ESTADO DO AMAPÁ";"UNIODONTO AMAPÁ";"Cooperativa odontológica";"RUA MARCELO CÂNDIA";"925";"";"SANTA RITA";"Macapá";"AP";"68901341";"96";"32220125";"32223247";"uniodontoap@uniodontoap.com.br";"ANA VALERIA DOS SANTOS SILVA";"PRESIDENTE";"04/01/1999"
"409791";"03494031000134";"COOPERATIVA ODONTOLÓGICA POÇOS DE CALDAS";"UNIODONTO POÇOS DE CALDAS";"Cooperativa odontológica";"RUA TUTOIA";"51";"";"JARDIM DOS ESTADOS";"Poços de Caldas";"MG";"37701080";"35";"37167222";"37167222";"ouvidoria@uniodontopocos.com.br";"DOUGLAS HENRIQUE FIGUEIREDO MATOS ";"PRESIDENTE";"11/11/1999"
"402010";"00491998000174";"COOPERATIVA ODONTOLÓGICA REGIÃO SUL DA BAHIA - UNIODONTO";"UNIODONTO ITABUNA";"Cooperativa odontológica";"RUA MARIÁ FERREIRA";"245";"1º ANDAR";"CENTRO";"Itabuna";"BA";"45600120";"07";"336134760";"36134760";"uniodontoitb@gmail.com";"MARIO AUGUSTO DIAS BRUM";"PRESIDENTE";"12/03/1999"
"353892";"19052653000142";"COOPERCISO - CENTRO INTEGRADO DE SERVIÇO ODONTOLÓGICO S/S LTDA.";"COOPERCISO";"Odontologia de Grupo";"RUA JAIME MARTINS RIÊRA";"31";"";"BOA VISTA";"Itajubá";"MG";"37505042";"35";"36234600";"36234600";"cooperciso@cooperciso.com.br";"LUCAS PEREIRA GONÇALVES";"DIRETOR ADMINISTRATIVO";"25/01/1999"
"407241";"02298249000150";"COOP-ODONTOCLASSIC - COOPERATIVA DE TRABALHO ODONTOLÓGICO";"ODONTOCLASSIC";"Cooperativa odontológica";"RUA GOIAS";"1079";"";"CENTRO";"Avaré";"SP";"18700140";"14";"9292";"37332022";"diretoria@odontoclassic.com.br";"JOSE ROBERTO SOUTO SILVA";"DIRETOR OPERACIONAL";"16/08/1999"
"419168";"17273560000112";"COOPUS PLANOS DE SAÚDE LTDA";"";"Medicina de Grupo";"RUA DONA ANITA MAYER";"139";"";"BOTAFOGO";"Campinas";"SP";"13020350";"19";"21029700";"";"coopus@coopus.com.br";"GUSTAVO POLLI ANTONIO";"REPRESENTANTE LEGAL";"22/10/2013"
"418757";"73505463000189";"CORPLIFE ADMINISTRADORA DE BENEFÍCIOS LTDA ";"CORPLIFE ADMINISTRADORA DE BENEFÍCIOS LTDA ";"Administradora de Benefícios";"RUA VITÓRIA";"2296";"";"NEVA";"Cascavel";"PR";"85802229";"45";"32240204";"30172002";"corplife@corplife.com.br";"ARISTIDES ALVES DOS REIS";"ADMINISTRADOR";"11/01/2013"
"418960";"17670901000193";"CORPORE ADMINISTRADORA DE BENEFICIOS DA SAUDE - EIRELI";"";"Administradora de Benefícios";"AV. ANGÉLICA";"321";"13º ANDAR / CONJUNTO 01";"SANTA CECÍLIA";"São Paulo";"SP";"01227000";"11";"21241888";"";"valquiria.brovini@corporeadministradora.com.br";"DIRCEU CANAL";"SóCIO ADMINISTRADOR";"01/08/2013"
"368181";"19009638000111";"CROE - CENTRO DE REABILITACAO ORAL ESPECIALIZADO LTDA";"CROE-CENTRO DE REABILITAÇAO ORAL ESPECIALIZADO LTDA";"Odontologia de Grupo";"OSCAR VIDAL ";"252";"Sala 201";"CENTRO";"Juiz de Fora";"MG";"36016290";"32";"33116699";"33116685";"ceaccroe@croe.com.br";"MARCO ANDRÉ GOUVÊA VIEIRA";"SOCIO QUOTISTA";"05/01/1999"
"397245";"69099307000198";"CROWN ODONTOLOGIA DE GRUPO  LTDA";"CROWN ODONTOLOGIA DE GRUPO LTDA";"Odontologia de Grupo";"RUA PEQUETITA";"145";"CONJ. 101";"JARDIM PROF BENOÁ";"São Paulo";"SP";"04552060";"11";"28132000";"28132001";"crown@crownodonto.com.br";"WALTER CARMO CORIOLANO JUNIOR";"SOCIO ADMINISTRADOR";"24/12/1998"
"421952";"33803129000197";"CRZ PLANO ODONTOLÓGICO LTDA";"CRUZ DENTAL";"Odontologia de Grupo";"AVENIDA RODOVALHO";"722";"SALA 13";"VILA MOEMA";"Tubarão";"SC";"88705091";"48";"31910205";"";"crzdental@gmail.com";"DANIELE NIEHUES CRUZ";"SÓCIA-ADMINISTRADORA";"03/12/2019"
"422045";"34824393000170";"CTESK ADMINISTRADORA DE BENEFIÍCIOS LTDA";"CTESK ADMINISTRADORA DE BENEFIÍCIOS ";"Administradora de Benefícios";"Q SCN QUADRA 02, BLOCO D, ENTRADA B";"SN";"SALAS 201 E 203";"ASA NORTE";"Brasília";"DF";"70712904";"61";"32573926";"";"siloe@ctesk.com.br";"SILOÉ JOÃO DE ALMEIDA JUNIOR";"Administrador";"18/12/2019"
"422606";"38240036000115";"CUIDAR.ME SAÚDE LTDA.";"CUIDAR.ME";"Medicina de Grupo";"Avenida Francisco Pereira de Castro";"1063";"Sala 04";"Anhangabaú";"Jundiaí";"SP";"13208110";"11";"45527046";"";"marcus.gimenes@cuidar.me";"MARCUS VINICIUS GIMENES";"Administrador";"28/01/2021"
"422967";"42802123000196";"CUIDE ADMINISTRADORA DE BENEFICIOS EIRELI";"CUIDE ADMINISTRADORA DE BENEFICIOS  ";"Administradora de Benefícios";"AVENIDA RIO BRANCO ";"26";"SBL";"CENTRO";"Rio de Janeiro";"RJ";"20090001";"21";"39235406";"";"HENRIQUE@AMCONTADORES.COM.BR";"JOÃO DE FIGUEIREDO PEREIRA CURADO";"SOCIO - ADMINISTRADOR";"08/09/2021"
"416118";"00253137000158";"DANA INDUSTRIAS LTDA.";"";"Autogestão";"AVENIDA FERNANDO STECCA";"780";"PRÉDIO 26 - ADMINISTRAÇÃO";"IPORANGA";"Sorocaba";"SP";"18087149";"11";"34893588";"34893813";"roberto.borba@dana.com";"ROBERTO AZEVEDO DE BORBA";"GERENTE DE RH";"14/06/2007"
"421081";"27832058000158";"DELFHI PLANOS ODONTOLÓGICOS LTDA";"DELFHI ODONTO";"Odontologia de Grupo";"RUA PRINCESA ISABEL";"461";"SALA 23";"CIDADE ALTA";"Natal";"RN";"59025400";"84";"999862109";"";"delfino@delfhicorretora.com.br";"FRANCISCO DELFINO DA SILVA";"SÓCIO ADMINISTRADOR";"02/10/2017"
"420239";"24619902000179";"DENTAL CARE ASSISTÊNCIA ODONTOLÓGICA LTDA";"DENTAL CARE";"Odontologia de Grupo";"RUA DO IMPERADOR";"359";"";"CENTRO";"Maceió";"AL";"57020670";"82";"30220163";"30220163";"DENTALCARE.2016@HOTMAIL.COM";"LEONINO VIEIRA DA SILVA FILHO";"SóCIO ADMINISTRADOR";"25/10/2016"
"386219";"66493529000100";"DENTAL CARE CLINICA ODONTOLOGICA LTDA";"ODONTOLOGICA";"Odontologia de Grupo";"RUA MATO GROSSO";"1001";"";"CENTRO";"Avaré";"SP";"18700150";"14";"37322286";"37322286";"odontologica_avare@terra.com.br";"HILTON SERGIO ISMAEL LUTTI";"SOCIO";"20/01/1999"
"339458";"35436658000125";"DENTAL CENTER LTDA";"DENTAL CENTER LTDA";"Odontologia de Grupo";"RUA DES. JOSE PEREGRINO";"216";"";"CENTRO";"João Pessoa";"PB";"58013500";"83";"30414646";"30414646";"financeiro@dentalcenterpb.com.br";"MARCONI MARTINS DA SILVA";"SOCIO GERENTE";"15/01/1999"
"300730";"01402285000150";"DENTAL GOLD ASSISTÊNCIA ODONTOLÓGICA LTDA.";"DENTAL GOLD";"Odontologia de Grupo";"AVENIDA RUY CARNEIRO";"895";"";"JARDIM MIRAMAR";"João Pessoa";"PB";"58032101";"83";"21078900";"21078914";"dentalg@terra.com.br";"JOSUEL GOMES DA SILVA";"SOCIO-GERENTE";"22/12/1998"
"413747";"04212174000179";"DENTAL MASTER LTDA - EPP";"DENTAL MASTER";"Odontologia de Grupo";"AVENIDA MAJOR LUIZ CAVALCANTE";"73";"LOJA 01";"CENTRO";"Paripueira";"AL";"57935000";"82";"21239393";"21239393";"dentalmaster@veloxmail.com.br";"GEORGE DE ALMEIDA SALDANHA";"REPRESENTANTE";"25/05/2001"
"422550";"33891806000176";"DENTAL MED CENTER PRIME PLANOS ODONTOLÓGICOS LTDA";"";"Odontologia de Grupo";"AVENIDA RIO BRANCO";"444";"";"CIDADE ALTA";"Natal";"RN";"59025000";"84";"991120504";"";"oliveiralucian@hotmail.com";"LUCAS MOURA DOS SANTOS";"SÓCIO ADMINISTRADOR";"18/02/2021"
"314366";"00571628000147";"DENTAL PLUS CONVÊNIO ODONTOLÓGICO LTDA.";"DENTAL PLUS CONVÊNIO ODONTOLÓGICO";"Odontologia de Grupo";"RUA DOUTOR CESÁRIO MOTA";"135";"";"CENTRO";"Santo André";"SP";"09010100";"01";"149792200";"149792209";"mariana@dentalplus-sorria.com.br";"GABRIELA GONSALES FERNANDES BARCELLOS";"SÓCIA";"23/12/1998"
"304484";"78738101000151";"DENTAL UNI - COOPERATIVA ODONTOLÓGICA";"DENTAL UNI";"Cooperativa odontológica";"RUA IRMÃ FLAVIA BORLET";"197";"";"HAUER";"Curitiba";"PR";"81630170";"41";"30203950";"";"diretoria@dentaluni.com.br";"LUIZ HUMBERTO DE SOUZA DANIEL";"PRESIDENTE";"22/12/1998"
"401463";"01364933000120";"DENTALMASTER COMÉRCIO DE PLANOS ODONTOLÓGICOS LTDA";"DENTALMASTER";"Odontologia de Grupo";"RUA CARLOS VASCONCELOS ";"1483";"";"ALDEOTA";"Fortaleza";"CE";"60115171";"85";"32655555";"32655555";"dentalmaster@planodentalmaster.com.br";"FRANCISCO FERNANDO ROCHA NOVAIS";"SÓCIO";"04/03/1999"
"422975";"39527909000138";"DENTALMASTER LTDA";"DENTALMASTER";"Odontologia de Grupo";"AV. DOM PEDRO II";"421.0";"SALA A ";"CENTRO ";"São Lourenço";"MG";"37465000";"35";"988970186";"";"ribeirouchoas@gmail.com";"DANIEL PEREIRA PAIVA ";"Sócio administrador ";"04/10/2021"
"333620";"00073193000100";"DENTAL-MED ASSISTENCIA ODONTOLOGICA S/S LTDA";"ORALMED ASSISTENCIA ODONTOLOGICA";"Odontologia de Grupo";"AV. RIO DE JANEIRO";"1201";"TERREO";"CENTRO";"Londrina";"PR";"86010150";"43";"33247000";"33247000";"oralmed@onda.com.br";"ROBERTO PRESCINOTTI";"SOCIO ADMINISTRADOR";"25/01/1999"
"322890";"02156150000114";"DENTALPAR ASSISTÊNCIA ODONTOLÓGICA EMPRESARIAL LTDA.";"DENTALPAR";"Odontologia de Grupo";"AV. SANTO AMARO";"3330";"CONJUNTO 13";"BROOKLIN";"São Paulo";"SP";"04556300";"11";"50944002";"33052151";"armando@dentalpar.com.br";"ARMANDO RODRIGUES FILHO";"DIRETOR PRESIDENTE";"30/12/1998"
"416908";"05616674000139";"DENTALPLAN PLANOS DE ASSISTENCIA ODONTOLOGICA LTDA";"DENTALPLAN VALE DO SÃO FRANCISCO";"Odontologia de Grupo";"RUA CASTRO ALVES";"352";"";"CENTRO";"Petrolina";"PE";"56304340";"87";"38610994";"";"dentalplan.petrolina@ig.com.br";"DIÓGENES CAVALCANTI";"DIRETOR ADMINISTRATIVO E FINANCEIRO";"02/03/2009"
"361038";"01821083000142";"DENTALSHOW ASSISTÊNCIA ODONTOLÓGICA LTDA.";"DENTALSHOW ASSISTÊNCIA ODONTOLÓGICA";"Odontologia de Grupo";"AVENIDA IPÊ ";"115";"SALA 40";"JARAGUÁ";"Uberlândia";"MG";"38413015";"34";"32938400";"";"ouvidoria.dentalshow@dentalshow.com.br";"JOÃO BATISTA RODRIGUES";"SÓCIO ADMINISTRADOR";"22/12/1998"
"327867";"01060301000173";"DENTIÇÃO CONVÊNIOS ODONTOLÓGICOS LTDA";"DENTALPREV";"Odontologia de Grupo";"RUA ELIZEU DI BERNARDI";"34";"SALA 411";"CAMPINAS";"São José";"SC";"88101050";"04";"73401303";"73401303";"financeirofloripa@dentalprev.com.br";"CLAUDIO JOAO BUCCO";"ADMINISTRADOR";"21/12/1998"
"414425";"03113408000168";"DENTSY ODONTOLOGIA S/S LTDA.";"DENTSY ODONTOLOGIA";"Odontologia de Grupo";"RUA CANDIDO PORTINARI";"30";"SALA 1";"VILA CERCADO GRANDE";"Embu das Artes";"SP";"06804180";"11";"32842180";"";"oscar@dentsy.com.br";"OSCAR COELHO DE OLIVEIRA";"SOCIO ADMINISTRADOR";"13/01/2003"
"357669";"19969500000164";"DESBAN - FUNDAÇÃO BDMG DE SEGURIDADE SOCIAL";"DESBAN";"Autogestão";"RUA BERNARDO GUIMARÃES";"1587";"8º ANDAR";"FUNCIONÁRIOS";"Belo Horizonte";"MG";"30140082";"31";"32498500";"32498506";"desban@desban.org.br";"JULIANA RODRIGUES DE PAULA CHIARI";"REPRESENTANTE LEGAL";"18/12/1998"
"415286";"04617017000143";"DIVICOM ADMINISTRADORA DE BENEFÍCIOS LTDA";"";"Administradora de Benefícios";"AVENIDA BRIGADEIRO LUÍS ANTÔNIO";"4348";"";"JARDIM PAULISTA";"São Paulo";"SP";"01402002";"11";"31883020";"31060793";"divicom@divicom.com.br";"ANTONIO CARLOS BRAGA DOS SANTOS";"SÓCIO ADMINISTRADOR";"05/10/2005"
"349682";"01387625000110";"DOCTOR CLIN OPERADORA DE PLANOS DE SAÚDE LTDA.";"DOCTOR CLIN SAÚDE INTEGRADA";"Medicina de Grupo";" Rua Sete de Setembro";"769";"";"CENTRO HISTÓRICO";"Porto Alegre";"RS";"90010190";"51";"32548000";"35840320";"contabilidade@doctorclin.com.br";"MARCELO SANCHES DIETRICH";"SÓCIO ADMINISTRADOR";"22/12/1998"
"365645";"30505523000150";"DONA SAÚDE CLINICAS LTDA";"DONA SAÚDE.";"Medicina de Grupo";"PRAÇA VISCONDE DE MAUA";"29";"SALA 504";"CENTRO";"Santos";"SP";"11010000";"21";"25935425";"38996196";"donasaude@gmail.com";"ROGÉRIO MARQUES SEVERINO";"SOCIO";"21/12/1998"
"419737";"11973274000183";"D1 ADMINISTRADORA DE BENEFÍCIOS PRIVADOS DE ASSISTÊNCIA A SAÚDE  COLETIVOS LTDA";"";"Administradora de Benefícios";"RUA DOS CEDROS";"501";"SALA 03";"JARDIM SãO PAULO";"Americana";"SP";"13468020";"19";"34622553";"";"celso@solucaodinamica.com.br";"CELSO RONALDO SOARES";"SóCIO";"06/04/2015"
"420778";"14938785000152";"E F SOBRINHO EIRELI - ME";"PASSPORT SYSTEM";"Odontologia de Grupo";"Avenida Rio Branco ";"2672";"Sala A";"Setor 05";"Jaru";"RO";"76890000";"69";"35211342";"";"nhyll_odonto@hotmail.com";"ELIAS FERNANDES SOBRINHO";"Administrador";"18/01/2017"
"418927";"17312105000189";"EASY SAUDE ADMINISTRADORA DE BENEFICIOS LTDA";"";"Administradora de Benefícios";"AVENIDA JOÃO CABRAL DE MELO NETO";"850";"BLOCO 2, SALAS 722 E 723";"BARRA DA TIJUCA";"Rio de Janeiro";"RJ";"22775057";"21";"21235500";"";"gabriela@easysaude.com";"AGENOR PITTA LIMA MEDEIROS";"ADMINISTRADOR";"13/06/2013"
"421120";"27252086000104";"EASYPLAN ADMINISTRADORA DE BENEFICIOS LTDA.";"EASYPLAN ADMINISTRADORA";"Administradora de Benefícios";"SHCS - Setor de Habitações Coletivas Sul";"Quadra 502";"Bloco C, loja 37, parte 562";"Asa Sul";"Brasília";"DF";"70330530";"61";"41414700";"";"relacionamentoans@easyplan.com.br";"ROSILANE DE ALMEIDA MORAES";"SÓCIA-DIRETOR";"18/12/2017"
"342611";"49320799000192";"ECONOMUS INSTITUTO DE SEGURIDADE SOCIAL";"";"Autogestão";"RUA QUIRINO DE ANDRADE";"185";"";"CENTRO";"São Paulo";"SP";"01049902";"11";"34647892";"";"celuladeregulacao@economus.com.br";"MAURÍCIO APARECIDO LOPES";"DIRETOR DE SEGURIDADE";"21/12/1998"
"417343";"39245402000191";"ECS ADMINISTRADORA DE BENEFICIOS LTDA";"";"Administradora de Benefícios";"RUA BARãO DE MESQUITA";"663";"LOJA 20";"TIJUCA";"Rio de Janeiro";"RJ";"20540155";"21";"28413286";"";"ECS_A@YAHOO.COM";"EDINOR CONCEIÇÃO SILVA";"REPRESENTANTE";"23/06/2010"
"422070";"34844263000107";"ELETROS SAÚDE - ASSOCIAÇÃO DE ASSISTÊNCIA À SAÚDE";"ELETROS-SAÚDE";"Autogestão";"RUA URUGUAIANA";"174";"SALA 501";"CENTRO";"Rio de Janeiro";"RJ";"20050900";"21";"21386000";"";"governanca@eletrossaude.com.br";"ROGÉRIO CARLOS LAMIM BRAZ";"Diretor Presidente";"11/12/2019"
"418421";"13122792000119";"ELO ADMINISTRADORA DE BENEFÍCIOS LTDA";"ELO ADMINISTRADORA";"Administradora de Benefícios";"SCN QUADRA 4 BLOCO B";"S/N";"SALA 604";"ASA NORTE";"Brasília";"DF";"70714020";"61";"32482001";"32482001";"administrativo@grupoelobeneficios.com.br";"PAULA SCAFUTO ROCHA MELLO FERNANDES";"SÓCIA ADMINISTRADORA";"24/02/2012"
"421138";"27872825000152";"ELOS ADMINISTRADORA DE BENEFÍCIOS LTDA";"ELOS ADMINISTRADORA DE BENEFÍCIOS";"Administradora de Benefícios";"AVENIDA HENRIQUE MOSCOSO";"1019";"SALAS 12 e 13 - ED. CENTRO DA VILA SHOPP";"CENTRO";"Vila Velha";"ES";"29100907";"27";"34411343";"";"financeiro@elosadministradora.com.br";"LEONINA COUTINHO LUCAS ";"Sócia Administradora";"27/11/2017"
"417297";"11593821000103";"ELOSAÚDE - ASSOCIAÇÃO DE ASSISTÊNCIA À SAÚDE";"ELOSAÚDE";"Autogestão";"RUA ANITA GARIBALDI";"77";"EDIFÍCIO PIRÂMIDE - SALA 201";"CENTRO";"Florianópolis";"SC";"88010500";"48";"21077539";"21077510";"elosaude@elosaude.com.br";"NELOIR PALUDO";"PRESIDENTE";"09/06/2010"
"400891";"00352294000110";"EMPRESA BRASILEIRA DE INFRA-ESTRUTURA AEROPORTUÁRIA";"INFRAERO";"Autogestão";"SCS QUADRA 3 BLOCO A/B Nº 17/18 ED. OSCA";"17";"";"ASA SUL";"Brasília";"DF";"70303000";"61";"3222";"0512";"beneficio_sede@infraero.gov.br";"GILVANDRO VASCONCELOS COELHO DE ARAÚJO";"REPRESENTANTE LEGAL";"19/02/1999"
"320587";"33530486000129";"EMPRESA BRASILEIRA DE TELECOMUNICAÇÕES S.A";"EMPRESA BRASILEIRA DE TELECOMUNICAÇÕES";"Autogestão";"AV PRESIDENTE VARGAS";"1012";"3* ANDAR";"CENTRO";"Rio de Janeiro";"RJ";"20179900";"";"";"";"central.atendimento@planoamap.com.br";"ALBERT CARVALHO JUNQUEIRA";"Representante perante a ANS ";"05/01/1999"
"306525";"41657081000184";"EMPRESA DE TRANSPORTES E TRÂNSITO DE BELO HORIZONTE S.A. - BHTRANS";"BHTRANS";"Autogestão";"AV. ENGENHEIRO CARLOS GOULART";"900";"PREDIO 1/GEAPE";"BURITIS";"Belo Horizonte";"MG";"30455902";"31";"33795689";"33795683";"mattos@pbh.gov.br";"DIOGO OSCAR BORGES PROSDOCIMI";"REPRESENTANTE LEGAL";"04/01/1999"
"395480";"37135365000133";"ESMALE ASSISTENCIA INTERNACIONAL DE SAUDE LTDA.";"SMILE ";"Medicina de Grupo";"RUA DOUTOR JOSE MILTON CORREIA ";"110";"";"POÇO";"Maceió";"AL";"57025100";"08";"221237333";"221237301";"ans.matriz@smilesaude.com.br";"FREDERICO VALENTE COELHO ";"DIRETOR PRESIDENTE ";"16/12/1998"
"422576";"37442364000131";"ESPLENDOR ADMINISTRADORA DE BENEFÍCIOS DE SAÚDE LTDA.";"ESPLENDOR ADMINISTRADORA DE BENEFÍCIOS  ";"Administradora de Benefícios";"Setor SCS Quadra 02, Bloco C, Sala 301, ";"92";"";"Setor Comercial Sul";"Brasília";"DF";"70302908";"61";"982080903";"";"saudebrasilia2@gmail.com";"EDILAMAR LIMA DA SILVA";"Administradora ";"26/03/2021"
